densidad_escuelas,densidad_hospitales,densidad_gimnasios,densidad_papelerias,densidad_farmacias,densidad_comercios,oportunidad_negocio,target
8,268,8,0,8,36,papeleria,3
7,17,1,5,7,96,tienda_deportiva,5
3,19,2,1,3,22,tienda_deportiva,5
16,34,4,3,6,92,tienda_deportiva,5
6,17,2,2,5,39,tienda_deportiva,5
14,43,6,6,6,307,tienda_deportiva,5
4,11,4,0,3,42,papeleria,3
1,2,0,1,1,21,cafeteria,0
5,3,0,2,0,21,farmacia,1
9,5,1,3,1,55,tienda_deportiva,5
7,13,5,0,4,77,papeleria,3
4,4,2,2,1,8,tienda_deportiva,5
4,3,0,2,0,33,farmacia,1
7,2,2,0,2,10,papeleria,3
8,20,1,5,5,90,tienda_deportiva,5
4,4,0,1,0,17,farmacia,1
29,334,10,52,115,944,tienda_deportiva,5
23,349,5,10,13,139,tienda_deportiva,5
3,2,0,3,2,33,cafeteria,0
6,3,1,2,0,20,farmacia,1
6,2,0,2,1,64,cafeteria,0
4,3,2,1,1,30,tienda_deportiva,5
3,3,1,2,2,15,tienda_deportiva,5
5,14,2,3,3,50,tienda_deportiva,5
8,17,0,1,10,67,cafeteria,0
6,10,2,4,3,51,tienda_deportiva,5
4,1,0,2,0,9,farmacia,1
10,14,4,12,9,125,tienda_deportiva,5
2,0,0,0,0,10,papeleria,3
6,2,0,3,1,11,cafeteria,0
3,3,0,0,0,26,papeleria,3
13,44,4,4,5,111,tienda_deportiva,5
6,1,2,1,2,28,tienda_deportiva,5
5,0,0,3,0,26,cafeteria,0
7,31,3,6,6,98,tienda_deportiva,5
4,3,1,2,2,52,tienda_deportiva,5
6,10,2,0,2,26,papeleria,3
12,15,1,3,4,104,tienda_deportiva,5
11,20,4,3,8,270,tienda_deportiva,5
4,0,0,1,0,16,cafeteria,0
14,63,3,3,8,60,tienda_deportiva,5
6,3,4,1,3,57,tienda_deportiva,5
8,2,1,2,5,48,tienda_deportiva,5
6,9,0,1,4,58,cafeteria,0
12,23,5,6,10,135,tienda_deportiva,5
10,13,1,4,6,51,tienda_deportiva,5
24,18,6,1,2,35,tienda_deportiva,5
9,41,8,2,9,58,tienda_deportiva,5
5,14,1,1,8,72,tienda_deportiva,5
5,2,0,2,1,10,cafeteria,0
8,2,0,2,0,42,farmacia,1
10,5,0,4,2,84,cafeteria,0
12,41,3,6,12,149,tienda_deportiva,5
36,138,5,9,19,171,tienda_deportiva,5
1,1,0,1,0,15,farmacia,1
1,2,0,1,0,26,farmacia,1
16,41,3,0,4,42,papeleria,3
8,14,0,6,3,93,cafeteria,0
49,5,3,5,5,26,tienda_deportiva,5
7,1,2,4,2,56,tienda_deportiva,5
8,1,0,1,0,27,farmacia,1
11,26,2,2,9,67,tienda_deportiva,5
16,29,3,0,9,49,papeleria,3
5,4,1,3,1,59,tienda_deportiva,5
30,93,7,8,23,275,tienda_deportiva,5
11,6,8,9,2,86,tienda_deportiva,5
8,18,4,2,7,47,tienda_deportiva,5
16,33,6,6,18,814,tienda_deportiva,5
1,1,0,0,0,13,papeleria,3
9,2,2,5,2,128,tienda_deportiva,5
13,57,4,5,14,502,tienda_deportiva,5
4,4,0,3,2,57,cafeteria,0
4,10,1,1,1,35,tienda_deportiva,5
7,23,1,8,8,127,tienda_deportiva,5
15,14,3,2,8,129,tienda_deportiva,5
7,13,2,4,2,54,tienda_deportiva,5
2,1,0,1,1,31,cafeteria,0
1,5,0,0,0,37,papeleria,3
10,30,5,4,8,121,tienda_deportiva,5
9,8,3,8,3,82,tienda_deportiva,5
7,6,2,4,3,13,tienda_deportiva,5
3,1,0,0,0,6,papeleria,3
14,15,1,4,2,60,tienda_deportiva,5
3,1,0,2,0,29,farmacia,1
19,53,0,6,28,609,cafeteria,0
9,4,0,0,0,14,papeleria,3
11,7,3,3,3,62,tienda_deportiva,5
9,2,0,3,0,38,farmacia,1
4,15,3,2,7,191,tienda_deportiva,5
4,0,0,0,0,8,papeleria,3
3,3,0,0,1,64,papeleria,3
8,13,2,6,8,95,tienda_deportiva,5
2,6,2,1,1,38,tienda_deportiva,5
7,2,1,2,2,52,tienda_deportiva,5
18,75,8,4,13,142,tienda_deportiva,5
14,4,3,2,1,28,tienda_deportiva,5
7,7,0,2,3,83,cafeteria,0
3,1,0,1,0,23,farmacia,1
7,7,4,8,4,105,tienda_deportiva,5
7,3,1,0,1,33,papeleria,3
16,38,1,2,5,59,tienda_deportiva,5
33,25,3,3,6,72,tienda_deportiva,5
3,1,0,1,0,15,farmacia,1
4,1,0,1,0,28,farmacia,1
14,12,0,5,5,81,cafeteria,0
13,37,4,3,3,121,tienda_deportiva,5
3,1,0,0,1,10,papeleria,3
7,1,0,4,0,39,farmacia,1
7,2,0,3,2,32,cafeteria,0
4,9,2,4,2,37,tienda_deportiva,5
3,3,0,0,0,25,papeleria,3
10,19,7,1,7,75,tienda_deportiva,5
6,9,3,3,4,40,tienda_deportiva,5
12,19,5,1,1,40,tienda_deportiva,5
8,2,1,2,5,48,tienda_deportiva,5
7,1,2,4,2,56,tienda_deportiva,5
10,14,3,7,7,136,tienda_deportiva,5
9,3,1,0,4,21,papeleria,3
7,8,2,2,0,40,farmacia,1
15,29,1,7,5,317,tienda_deportiva,5
4,2,0,2,0,33,farmacia,1
3,0,0,2,1,26,cafeteria,0
4,2,0,2,0,14,farmacia,1
3,2,0,2,1,34,cafeteria,0
4,2,0,2,1,16,cafeteria,0
19,61,4,0,5,44,papeleria,3
3,9,0,2,2,23,cafeteria,0
16,31,3,0,8,37,papeleria,3
22,46,5,6,9,316,tienda_deportiva,5
5,9,3,1,4,93,tienda_deportiva,5
5,0,0,6,0,62,cafeteria,0
1,5,0,0,0,37,papeleria,3
13,31,2,3,1,48,tienda_deportiva,5
6,0,0,1,0,9,cafeteria,0
3,7,2,2,2,32,tienda_deportiva,5
8,7,0,14,4,92,cafeteria,0
5,1,1,0,0,20,papeleria,3
13,26,2,3,5,98,tienda_deportiva,5
2,1,2,0,0,14,papeleria,3
2,1,0,0,0,0,papeleria,3
7,6,3,0,2,20,papeleria,3
5,14,1,1,8,72,tienda_deportiva,5
1,1,0,0,0,0,papeleria,3
8,8,2,5,4,98,tienda_deportiva,5
2,16,2,4,3,116,tienda_deportiva,5
25,240,6,7,32,247,tienda_deportiva,5
5,5,5,0,0,46,papeleria,3
8,5,0,4,2,52,cafeteria,0
1,1,1,0,0,11,papeleria,3
7,0,1,4,0,29,tienda_deportiva,5
6,2,3,1,1,27,tienda_deportiva,5
10,8,0,4,3,72,cafeteria,0
5,2,4,3,5,51,tienda_deportiva,5
7,3,0,3,3,38,cafeteria,0
3,1,0,0,0,4,papeleria,3
7,13,2,3,5,24,tienda_deportiva,5
10,33,3,1,3,50,tienda_deportiva,5
6,0,0,0,0,10,papeleria,3
4,1,0,1,0,3,farmacia,1
4,0,0,0,0,11,papeleria,3
1,4,0,0,2,21,papeleria,3
16,38,4,10,8,117,tienda_deportiva,5
3,2,0,0,2,29,papeleria,3
40,1,3,1,0,7,farmacia,1
8,12,1,2,6,64,tienda_deportiva,5
3,2,0,0,0,30,papeleria,3
8,5,0,4,1,55,cafeteria,0
7,2,0,3,3,36,cafeteria,0
5,3,0,3,5,86,cafeteria,0
2,3,0,1,0,32,farmacia,1
10,138,3,2,15,253,tienda_deportiva,5
14,11,3,1,5,112,tienda_deportiva,5
2,2,0,2,2,47,cafeteria,0
13,13,1,6,4,74,tienda_deportiva,5
12,7,3,5,1,26,tienda_deportiva,5
7,35,6,3,10,106,tienda_deportiva,5
8,9,2,2,5,55,tienda_deportiva,5
7,5,2,4,0,57,farmacia,1
13,567,2,4,18,69,tienda_deportiva,5
4,11,4,0,3,42,papeleria,3
14,37,5,9,13,185,tienda_deportiva,5
5,1,0,2,1,19,cafeteria,0
5,53,2,9,59,116,tienda_deportiva,5
2,3,1,1,0,3,farmacia,1
7,5,1,7,4,75,tienda_deportiva,5
30,93,7,8,23,275,tienda_deportiva,5
4,1,0,1,0,24,farmacia,1
7,15,1,2,1,60,tienda_deportiva,5
2,0,0,0,0,0,papeleria,3
8,4,1,2,1,36,tienda_deportiva,5
5,1,0,1,0,35,farmacia,1
7,27,3,1,3,42,tienda_deportiva,5
29,165,8,12,24,392,tienda_deportiva,5
8,2,0,5,2,59,cafeteria,0
7,7,2,1,3,16,tienda_deportiva,5
11,124,1,30,89,519,tienda_deportiva,5
14,21,3,4,8,77,tienda_deportiva,5
2,2,0,1,1,31,cafeteria,0
4,3,0,1,0,20,farmacia,1
3,2,0,3,2,35,cafeteria,0
5,7,1,6,1,71,tienda_deportiva,5
8,7,0,14,4,93,cafeteria,0
16,24,3,2,4,37,tienda_deportiva,5
3,3,1,2,3,12,tienda_deportiva,5
3,3,2,1,0,24,farmacia,1
5,12,6,1,5,41,tienda_deportiva,5
25,98,7,12,29,511,tienda_deportiva,5
4,6,1,6,3,69,tienda_deportiva,5
5,8,3,4,2,37,tienda_deportiva,5
2,10,2,3,2,28,tienda_deportiva,5
2,7,1,2,5,77,tienda_deportiva,5
4,6,2,2,2,57,tienda_deportiva,5
11,22,2,0,2,36,papeleria,3
15,18,4,2,8,58,tienda_deportiva,5
6,10,2,3,3,58,tienda_deportiva,5
6,6,0,5,5,153,cafeteria,0
9,5,1,2,1,49,tienda_deportiva,5
10,9,8,1,0,15,farmacia,1
14,31,5,4,7,104,tienda_deportiva,5
5,2,1,2,0,28,farmacia,1
3,1,0,2,0,29,farmacia,1
5,4,0,3,4,52,cafeteria,0
13,199,0,6,9,56,cafeteria,0
8,28,1,2,4,41,tienda_deportiva,5
12,21,3,1,6,44,tienda_deportiva,5
4,9,1,5,1,22,tienda_deportiva,5
26,98,8,2,6,76,tienda_deportiva,5
15,60,2,4,13,117,tienda_deportiva,5
13,54,5,6,12,505,tienda_deportiva,5
3,1,2,0,0,14,papeleria,3
4,4,2,0,1,16,papeleria,3
5,7,1,1,1,37,tienda_deportiva,5
3,10,1,1,2,33,tienda_deportiva,5
6,3,0,3,2,40,cafeteria,0
3,1,0,2,0,29,farmacia,1
5,3,0,1,2,26,cafeteria,0
7,7,0,2,2,83,cafeteria,0
4,2,0,6,2,33,cafeteria,0
7,21,2,6,4,87,tienda_deportiva,5
30,258,7,19,36,240,tienda_deportiva,5
6,17,2,2,5,39,tienda_deportiva,5
1,0,0,0,0,11,papeleria,3
8,47,7,2,4,40,tienda_deportiva,5
7,13,2,3,5,24,tienda_deportiva,5
2,1,0,0,0,3,papeleria,3
5,1,1,2,0,32,farmacia,1
31,11,0,3,6,31,cafeteria,0
29,165,8,12,24,392,tienda_deportiva,5
7,24,4,3,8,66,tienda_deportiva,5
3,13,4,1,4,92,tienda_deportiva,5
11,8,5,1,5,41,tienda_deportiva,5
13,27,2,7,3,63,tienda_deportiva,5
3,11,1,1,5,19,tienda_deportiva,5
29,165,8,12,24,392,tienda_deportiva,5
4,3,0,2,0,33,farmacia,1
5,5,1,3,1,43,tienda_deportiva,5
50,5,3,4,5,26,tienda_deportiva,5
4,5,1,1,4,28,tienda_deportiva,5
7,5,0,7,5,73,cafeteria,0
14,36,5,9,13,188,tienda_deportiva,5
7,15,4,4,2,73,tienda_deportiva,5
6,2,0,2,1,60,cafeteria,0
3,2,2,0,0,70,papeleria,3
7,0,0,6,0,59,cafeteria,0
24,18,6,1,2,35,tienda_deportiva,5
5,7,1,3,3,43,tienda_deportiva,5
5,0,0,0,0,16,papeleria,3
6,3,0,2,2,42,cafeteria,0
1,2,0,0,0,34,papeleria,3
30,179,9,9,18,281,tienda_deportiva,5
15,33,4,6,10,149,tienda_deportiva,5
2,2,0,0,2,11,papeleria,3
14,24,3,6,2,197,tienda_deportiva,5
7,8,1,1,0,23,farmacia,1
18,38,5,9,9,118,tienda_deportiva,5
18,45,3,5,4,79,tienda_deportiva,5
4,1,1,1,1,15,tienda_deportiva,5
30,132,0,6,24,156,cafeteria,0
6,22,2,1,7,55,tienda_deportiva,5
5,12,1,4,4,77,tienda_deportiva,5
18,75,8,4,13,151,tienda_deportiva,5
9,512,8,4,18,58,tienda_deportiva,5
22,69,6,5,22,273,tienda_deportiva,5
4,16,1,1,9,59,tienda_deportiva,5
16,12,0,5,3,58,cafeteria,0
6,2,0,3,2,34,cafeteria,0
11,7,1,2,3,61,tienda_deportiva,5
3,2,0,1,1,31,cafeteria,0
11,57,4,2,13,101,tienda_deportiva,5
45,15,2,4,4,33,tienda_deportiva,5
26,77,5,1,6,52,tienda_deportiva,5
9,4,0,0,0,14,papeleria,3
32,193,10,11,24,334,tienda_deportiva,5
5,4,2,1,1,14,tienda_deportiva,5
3,5,2,1,1,26,tienda_deportiva,5
1,0,0,0,0,30,papeleria,3
3,3,1,1,2,19,tienda_deportiva,5
8,5,0,3,1,48,cafeteria,0
12,7,0,0,0,15,papeleria,3
5,12,1,1,7,59,tienda_deportiva,5
2,3,1,2,2,73,tienda_deportiva,5
8,26,5,5,5,134,tienda_deportiva,5
12,6,1,4,1,43,tienda_deportiva,5
12,14,2,2,2,40,tienda_deportiva,5
9,9,1,3,0,64,farmacia,1
13,43,1,4,9,62,tienda_deportiva,5
3,1,0,1,0,19,farmacia,1
4,9,1,5,1,22,tienda_deportiva,5
8,2,0,5,2,59,cafeteria,0
6,9,1,5,2,82,tienda_deportiva,5
3,13,3,3,3,56,tienda_deportiva,5
11,2,0,3,0,40,farmacia,1
5,3,0,3,5,86,cafeteria,0
7,5,1,2,4,63,tienda_deportiva,5
10,48,9,2,9,91,tienda_deportiva,5
4,1,1,3,0,38,farmacia,1
10,6,1,4,5,47,tienda_deportiva,5
5,0,1,2,0,36,tienda_deportiva,5
6,6,1,5,4,45,tienda_deportiva,5
11,21,4,6,7,116,tienda_deportiva,5
7,8,3,7,1,74,tienda_deportiva,5
15,33,2,1,6,67,tienda_deportiva,5
7,7,1,4,4,80,tienda_deportiva,5
15,60,2,4,13,117,tienda_deportiva,5
1,0,0,0,0,10,papeleria,3
13,25,3,4,6,80,tienda_deportiva,5
6,15,2,2,2,62,tienda_deportiva,5
4,0,0,1,0,12,cafeteria,0
3,2,0,0,1,22,papeleria,3
3,13,0,0,4,16,papeleria,3
7,5,0,2,0,7,farmacia,1
4,2,1,2,1,16,tienda_deportiva,5
4,0,1,3,0,37,tienda_deportiva,5
22,55,4,9,11,326,tienda_deportiva,5
11,5,0,11,0,74,farmacia,1
7,9,1,5,2,81,tienda_deportiva,5
10,2,1,1,0,37,farmacia,1
7,7,0,2,2,83,cafeteria,0
8,8,3,2,1,33,tienda_deportiva,5
1,0,0,0,0,3,papeleria,3
9,15,7,2,2,56,tienda_deportiva,5
4,1,0,0,1,17,papeleria,3
17,12,4,6,9,69,tienda_deportiva,5
1,0,0,0,0,0,papeleria,3
6,4,3,0,2,152,papeleria,3
33,25,3,3,6,72,tienda_deportiva,5
4,0,0,0,0,0,papeleria,3
7,7,1,4,4,80,tienda_deportiva,5
21,203,5,24,91,585,tienda_deportiva,5
2,0,0,1,0,15,cafeteria,0
6,15,0,1,4,48,cafeteria,0
3,1,2,2,0,26,farmacia,1
5,7,1,2,4,58,tienda_deportiva,5
3,3,1,5,3,53,tienda_deportiva,5
1,0,0,0,0,5,papeleria,3
5,2,1,4,2,42,tienda_deportiva,5
18,13,2,5,1,47,tienda_deportiva,5
4,1,0,0,0,15,papeleria,3
13,9,1,0,0,20,papeleria,3
16,272,0,5,8,56,cafeteria,0
17,8,3,3,0,25,farmacia,1
24,279,9,52,119,948,tienda_deportiva,5
5,0,1,2,0,36,tienda_deportiva,5
5,12,0,3,8,60,cafeteria,0
5,3,1,0,0,36,papeleria,3
36,14,1,4,4,61,tienda_deportiva,5
3,1,2,0,1,79,papeleria,3
2,2,0,0,2,14,papeleria,3
16,5,3,3,0,22,farmacia,1
12,14,3,6,5,56,tienda_deportiva,5
16,47,6,1,6,148,tienda_deportiva,5
25,55,2,6,29,971,tienda_deportiva,5
3,0,0,0,0,0,papeleria,3
7,16,3,1,5,32,tienda_deportiva,5
4,13,0,4,6,50,cafeteria,0
9,4,0,8,5,84,cafeteria,0
6,11,4,0,4,53,papeleria,3
13,14,2,5,1,53,tienda_deportiva,5
3,2,0,1,1,31,cafeteria,0
6,1,0,2,1,31,cafeteria,0
12,15,1,1,2,42,tienda_deportiva,5
10,13,1,4,6,51,tienda_deportiva,5
2,0,0,0,0,3,papeleria,3
6,4,0,4,1,74,cafeteria,0
14,41,3,6,12,152,tienda_deportiva,5
18,25,5,3,6,94,tienda_deportiva,5
16,270,5,13,52,594,tienda_deportiva,5
11,11,0,3,7,75,cafeteria,0
8,6,2,4,3,55,tienda_deportiva,5
2,0,1,0,0,3,papeleria,3
14,30,1,8,4,96,tienda_deportiva,5
3,2,0,3,0,20,farmacia,1
45,12,2,4,4,31,tienda_deportiva,5
8,19,2,2,1,38,tienda_deportiva,5
4,0,0,0,1,7,papeleria,3
6,17,1,3,8,73,tienda_deportiva,5
6,9,7,1,5,45,tienda_deportiva,5
6,30,1,0,10,55,papeleria,3
10,12,9,2,0,14,farmacia,1
7,6,1,1,3,34,tienda_deportiva,5
2,2,0,1,1,20,cafeteria,0
5,3,1,3,0,28,farmacia,1
5,7,0,3,1,19,cafeteria,0
5,9,0,3,4,45,cafeteria,0
4,3,1,0,0,27,papeleria,3
24,279,9,52,119,948,tienda_deportiva,5
3,5,0,2,0,32,farmacia,1
11,7,1,2,3,61,tienda_deportiva,5
7,5,1,4,1,77,tienda_deportiva,5
12,112,2,4,12,50,tienda_deportiva,5
16,70,7,6,9,147,tienda_deportiva,5
7,14,2,4,2,52,tienda_deportiva,5
11,14,3,9,9,115,tienda_deportiva,5
9,8,0,2,0,29,farmacia,1
8,19,2,2,1,38,tienda_deportiva,5
7,4,1,1,3,58,tienda_deportiva,5
1,1,0,0,0,0,papeleria,3
13,352,5,7,31,284,tienda_deportiva,5
7,33,0,2,3,45,cafeteria,0
31,355,10,54,137,928,tienda_deportiva,5
4,4,0,6,0,75,farmacia,1
18,12,3,8,12,81,tienda_deportiva,5
3,3,1,2,2,15,tienda_deportiva,5
4,4,0,1,0,25,farmacia,1
6,70,2,8,59,125,tienda_deportiva,5
7,6,2,4,3,20,tienda_deportiva,5
8,16,0,4,7,54,cafeteria,0
8,7,0,1,0,32,farmacia,1
5,2,0,3,1,79,cafeteria,0
2,1,0,0,0,1,papeleria,3
2,0,0,0,0,6,papeleria,3
8,29,3,4,7,94,tienda_deportiva,5
6,9,4,1,1,52,tienda_deportiva,5
1,0,0,0,0,9,papeleria,3
10,14,4,11,9,128,tienda_deportiva,5
2,4,1,0,2,25,papeleria,3
14,38,3,0,4,32,papeleria,3
14,13,2,0,1,38,papeleria,3
22,49,7,7,9,333,tienda_deportiva,5
12,27,2,1,7,65,tienda_deportiva,5
10,6,1,2,4,99,tienda_deportiva,5
5,19,1,3,4,86,tienda_deportiva,5
11,9,3,7,5,114,tienda_deportiva,5
6,5,1,5,3,44,tienda_deportiva,5
5,8,0,7,4,73,cafeteria,0
8,8,2,1,1,56,tienda_deportiva,5
9,6,2,5,4,33,tienda_deportiva,5
13,20,2,7,6,75,tienda_deportiva,5
11,6,1,4,1,34,tienda_deportiva,5
3,0,0,1,0,4,cafeteria,0
7,3,0,2,1,65,cafeteria,0
4,8,0,1,0,75,farmacia,1
7,4,1,1,3,58,tienda_deportiva,5
4,0,0,0,1,6,papeleria,3
28,175,8,14,23,381,tienda_deportiva,5
19,223,7,48,124,1041,tienda_deportiva,5
5,3,0,2,0,21,farmacia,1
25,19,4,1,3,30,tienda_deportiva,5
2,1,0,0,0,6,papeleria,3
5,4,0,5,0,36,farmacia,1
2,0,0,1,0,17,cafeteria,0
8,2,0,2,0,44,farmacia,1
9,1,0,2,0,71,farmacia,1
3,3,0,5,1,35,cafeteria,0
11,8,6,1,8,94,tienda_deportiva,5
5,17,1,5,7,84,tienda_deportiva,5
3,0,0,0,0,10,papeleria,3
2,2,1,0,0,17,papeleria,3
5,7,0,5,2,46,cafeteria,0
7,7,0,2,2,83,cafeteria,0
17,241,2,5,30,80,tienda_deportiva,5
7,8,3,7,1,74,tienda_deportiva,5
7,8,0,7,4,48,cafeteria,0
7,44,2,2,7,60,tienda_deportiva,5
6,3,4,1,3,55,tienda_deportiva,5
7,5,2,4,0,57,farmacia,1
4,15,5,1,5,78,tienda_deportiva,5
10,21,2,3,6,111,tienda_deportiva,5
9,3,0,3,5,46,cafeteria,0
11,6,1,4,4,103,tienda_deportiva,5
6,7,0,6,3,48,cafeteria,0
7,5,1,4,1,77,tienda_deportiva,5
7,13,2,3,6,24,tienda_deportiva,5
17,85,0,2,6,86,cafeteria,0
11,371,0,1,13,16,cafeteria,0
4,0,0,2,1,21,cafeteria,0
12,19,5,1,1,40,tienda_deportiva,5
8,10,1,2,2,40,tienda_deportiva,5
6,3,1,1,1,47,tienda_deportiva,5
7,19,2,3,5,105,tienda_deportiva,5
3,4,0,1,0,44,farmacia,1
7,2,0,3,3,36,cafeteria,0
10,6,1,4,5,47,tienda_deportiva,5
8,96,0,1,2,28,cafeteria,0
6,2,1,4,2,43,tienda_deportiva,5
13,18,6,3,2,56,tienda_deportiva,5
2,0,0,1,0,17,cafeteria,0
5,2,0,3,0,35,farmacia,1
4,3,0,4,0,37,farmacia,1
10,6,0,4,5,44,cafeteria,0
16,46,1,1,4,50,tienda_deportiva,5
9,3,0,2,4,41,cafeteria,0
14,13,2,0,1,37,papeleria,3
14,14,2,1,1,32,tienda_deportiva,5
6,2,0,2,0,24,farmacia,1
1,4,1,1,2,22,tienda_deportiva,5
7,4,1,1,2,51,tienda_deportiva,5
3,11,1,5,3,86,tienda_deportiva,5
4,3,0,1,3,16,cafeteria,0
27,28,2,2,9,69,tienda_deportiva,5
12,15,1,1,2,42,tienda_deportiva,5
3,0,0,1,0,4,cafeteria,0
3,2,0,0,0,10,papeleria,3
19,321,4,7,37,182,tienda_deportiva,5
5,2,1,3,0,28,farmacia,1
10,21,2,0,2,34,papeleria,3
4,7,3,1,2,92,tienda_deportiva,5
21,119,4,4,8,85,tienda_deportiva,5
5,2,1,3,0,28,farmacia,1
6,0,0,1,0,11,cafeteria,0
5,8,1,5,1,68,tienda_deportiva,5
5,4,0,5,0,36,farmacia,1
12,27,2,1,7,65,tienda_deportiva,5
7,1,0,5,0,24,farmacia,1
9,15,3,5,6,74,tienda_deportiva,5
4,8,3,3,3,38,tienda_deportiva,5
21,60,6,4,7,133,tienda_deportiva,5
3,2,0,0,0,23,papeleria,3
7,8,2,2,4,80,tienda_deportiva,5
3,3,1,5,3,53,tienda_deportiva,5
8,5,0,1,1,31,cafeteria,0
3,2,0,0,3,59,papeleria,3
3,1,1,1,2,18,tienda_deportiva,5
25,243,5,9,21,159,tienda_deportiva,5
3,2,2,0,0,83,papeleria,3
13,27,2,4,5,85,tienda_deportiva,5
3,1,2,0,1,79,papeleria,3
1,1,0,0,0,8,papeleria,3
12,16,1,4,5,118,tienda_deportiva,5
19,223,7,48,124,1041,tienda_deportiva,5
9,2,0,0,0,22,papeleria,3
7,13,1,3,4,47,tienda_deportiva,5
8,24,4,5,9,122,tienda_deportiva,5
2,15,0,1,24,183,cafeteria,0
2,3,0,1,0,52,farmacia,1
3,0,0,0,0,8,papeleria,3
8,7,0,1,0,32,farmacia,1
7,5,0,8,5,66,cafeteria,0
36,11,1,4,4,55,tienda_deportiva,5
3,2,0,1,2,17,cafeteria,0
26,77,5,1,6,52,tienda_deportiva,5
1,0,0,1,0,15,cafeteria,0
5,6,1,3,2,27,tienda_deportiva,5
4,10,0,2,6,71,cafeteria,0
5,3,0,2,1,13,cafeteria,0
23,128,6,1,6,109,tienda_deportiva,5
4,0,0,2,1,46,cafeteria,0
11,22,3,2,4,228,tienda_deportiva,5
4,1,0,2,0,15,farmacia,1
3,0,0,0,0,6,papeleria,3
7,5,2,1,3,52,tienda_deportiva,5
6,1,1,0,1,37,papeleria,3
18,34,1,3,6,98,tienda_deportiva,5
11,57,4,2,13,101,tienda_deportiva,5
10,10,1,4,4,30,tienda_deportiva,5
3,8,0,2,2,24,cafeteria,0
4,18,4,0,3,38,papeleria,3
16,44,0,1,4,54,cafeteria,0
33,83,4,4,9,106,tienda_deportiva,5
2,0,0,2,2,24,cafeteria,0
2,1,0,3,0,48,farmacia,1
1,1,0,0,0,21,papeleria,3
3,0,0,0,0,8,papeleria,3
6,6,0,9,2,75,cafeteria,0
8,7,0,7,1,117,cafeteria,0
8,13,2,6,8,88,tienda_deportiva,5
7,1,0,1,2,37,cafeteria,0
3,10,1,1,2,35,tienda_deportiva,5
8,14,0,6,4,93,cafeteria,0
6,8,2,3,4,45,tienda_deportiva,5
8,13,2,6,8,88,tienda_deportiva,5
11,6,1,4,2,42,tienda_deportiva,5
7,5,3,1,2,39,tienda_deportiva,5
1,4,1,3,1,17,tienda_deportiva,5
1,0,1,1,0,15,tienda_deportiva,5
10,24,3,2,9,156,tienda_deportiva,5
1,2,1,0,0,16,papeleria,3
2,1,0,0,0,10,papeleria,3
9,7,0,2,2,24,cafeteria,0
10,15,6,3,2,54,tienda_deportiva,5
15,26,2,2,7,62,tienda_deportiva,5
13,15,2,3,3,70,tienda_deportiva,5
4,1,0,1,0,8,farmacia,1
17,85,0,2,6,86,cafeteria,0
4,0,0,1,0,35,cafeteria,0
6,2,1,0,2,36,papeleria,3
1,0,0,1,0,31,cafeteria,0
5,9,3,1,4,93,tienda_deportiva,5
17,14,3,3,6,115,tienda_deportiva,5
5,0,1,1,0,12,tienda_deportiva,5
16,289,3,4,33,106,tienda_deportiva,5
5,15,1,3,3,59,tienda_deportiva,5
0,59,1,1,24,52,tienda_deportiva,5
5,335,3,3,30,198,tienda_deportiva,5
9,30,3,4,6,109,tienda_deportiva,5
4,3,0,0,1,21,papeleria,3
18,573,3,8,25,90,tienda_deportiva,5
13,250,3,8,13,174,tienda_deportiva,5
16,28,3,8,13,118,tienda_deportiva,5
11,311,2,3,12,57,tienda_deportiva,5
1,18,1,0,0,33,papeleria,3
4,10,3,3,6,117,tienda_deportiva,5
10,30,3,2,7,93,tienda_deportiva,5
0,5,0,0,2,52,cafeteria,0
15,14,3,7,10,75,tienda_deportiva,5
8,201,2,0,17,78,papeleria,3
8,519,7,4,20,47,tienda_deportiva,5
3,4,0,0,1,37,papeleria,3
34,410,9,55,135,962,tienda_deportiva,5
4,10,0,1,7,45,cafeteria,0
8,303,2,2,23,238,tienda_deportiva,5
2,8,1,0,2,14,papeleria,3
14,59,2,6,27,923,tienda_deportiva,5
3,9,0,2,2,24,cafeteria,0
13,258,1,5,13,74,tienda_deportiva,5
6,2,0,3,1,10,cafeteria,0
7,12,2,5,2,78,tienda_deportiva,5
2,4,0,1,0,3,farmacia,1
5,13,2,2,3,47,tienda_deportiva,5
12,290,7,7,34,262,tienda_deportiva,5
8,120,4,8,15,151,tienda_deportiva,5
17,24,2,4,6,65,tienda_deportiva,5
3,18,2,3,8,116,tienda_deportiva,5
3,230,3,6,26,176,tienda_deportiva,5
4,16,1,2,6,56,tienda_deportiva,5
13,285,7,8,31,276,tienda_deportiva,5
9,4,0,1,3,28,cafeteria,0
13,250,3,8,13,174,tienda_deportiva,5
9,41,9,3,9,63,tienda_deportiva,5
9,7,3,6,4,109,tienda_deportiva,5
8,185,2,0,17,101,papeleria,3
8,11,3,4,5,82,tienda_deportiva,5
9,7,3,4,3,62,tienda_deportiva,5
13,34,5,8,13,192,tienda_deportiva,5
15,336,0,1,11,13,cafeteria,0
3,3,0,1,4,73,cafeteria,0
2,144,1,1,26,61,tienda_deportiva,5
2,15,1,1,2,71,tienda_deportiva,5
1,3,0,0,3,133,papeleria,3
17,223,1,4,21,172,tienda_deportiva,5
5,332,3,2,29,183,tienda_deportiva,5
5,418,0,1,19,18,cafeteria,0
11,19,1,4,6,64,tienda_deportiva,5
16,215,2,6,8,65,tienda_deportiva,5
3,4,1,4,0,28,farmacia,1
3,14,2,1,5,72,tienda_deportiva,5
6,3,0,1,1,36,cafeteria,0
11,36,5,2,3,189,tienda_deportiva,5
14,293,6,7,34,284,tienda_deportiva,5
2,4,0,0,1,14,papeleria,3
4,11,0,3,1,32,cafeteria,0
26,131,5,3,10,119,tienda_deportiva,5
30,419,10,46,101,799,tienda_deportiva,5
16,139,6,3,8,117,tienda_deportiva,5
12,5,0,2,1,37,cafeteria,0
12,6,1,0,3,50,papeleria,3
9,230,0,1,3,17,cafeteria,0
7,5,0,1,0,25,farmacia,1
17,274,3,7,35,195,tienda_deportiva,5
11,311,2,3,12,57,tienda_deportiva,5
4,18,4,1,5,43,tienda_deportiva,5
5,3,0,3,0,36,farmacia,1
7,35,6,3,10,106,tienda_deportiva,5
5,328,3,4,30,203,tienda_deportiva,5
5,324,3,4,29,204,tienda_deportiva,5
8,232,2,0,16,53,papeleria,3
7,14,2,2,2,58,tienda_deportiva,5
2,9,0,0,1,13,papeleria,3
14,28,2,3,7,85,tienda_deportiva,5
31,319,10,55,143,1141,tienda_deportiva,5
3,5,0,1,1,14,cafeteria,0
9,593,1,2,23,45,tienda_deportiva,5
14,24,3,1,5,56,tienda_deportiva,5
20,358,8,19,56,640,tienda_deportiva,5
6,92,4,4,8,80,tienda_deportiva,5
10,55,4,4,4,103,tienda_deportiva,5
15,609,1,4,23,67,tienda_deportiva,5
9,513,8,4,18,60,tienda_deportiva,5
9,107,2,4,11,162,tienda_deportiva,5
24,307,6,6,34,330,tienda_deportiva,5
28,256,7,20,36,280,tienda_deportiva,5
5,430,0,1,19,21,cafeteria,0
8,13,0,5,3,54,cafeteria,0
22,376,10,23,72,696,tienda_deportiva,5
3,5,0,2,1,34,cafeteria,0
18,616,2,8,26,84,tienda_deportiva,5
32,77,3,4,17,153,tienda_deportiva,5
13,82,1,7,9,79,tienda_deportiva,5
9,26,7,5,6,139,tienda_deportiva,5
2,144,1,1,26,61,tienda_deportiva,5
7,17,3,5,2,34,tienda_deportiva,5
8,546,1,1,18,37,tienda_deportiva,5
6,246,3,5,29,239,tienda_deportiva,5
9,423,1,0,21,27,papeleria,3
5,325,3,4,30,199,tienda_deportiva,5
7,388,0,0,21,24,papeleria,3
10,9,8,1,0,15,farmacia,1
4,38,2,4,55,82,tienda_deportiva,5
0,1,0,1,1,11,cafeteria,0
0,1,0,0,0,3,farmacia,1
15,176,0,1,11,10,cafeteria,0
9,267,0,1,7,20,cafeteria,0
5,430,0,1,19,21,cafeteria,0
13,33,2,3,3,422,tienda_deportiva,5
31,86,4,4,15,160,tienda_deportiva,5
14,26,2,2,5,60,tienda_deportiva,5
5,334,3,2,29,188,tienda_deportiva,5
6,23,0,0,1,16,papeleria,3
26,131,5,3,10,118,tienda_deportiva,5
9,76,1,2,6,40,tienda_deportiva,5
24,91,2,5,10,59,tienda_deportiva,5
6,20,0,5,8,91,cafeteria,0
10,6,0,4,5,44,cafeteria,0
5,10,3,2,7,65,tienda_deportiva,5
5,334,3,3,30,195,tienda_deportiva,5
7,13,3,6,5,54,tienda_deportiva,5
17,34,3,0,2,37,papeleria,3
3,4,2,4,7,57,tienda_deportiva,5
8,548,7,4,21,53,tienda_deportiva,5
14,32,3,9,2,103,tienda_deportiva,5
25,274,10,54,141,1100,tienda_deportiva,5
4,13,4,3,2,62,tienda_deportiva,5
6,5,0,0,2,11,papeleria,3
4,10,3,5,4,102,tienda_deportiva,5
7,21,1,4,4,92,tienda_deportiva,5
9,69,1,2,4,34,tienda_deportiva,5
4,140,1,1,7,40,tienda_deportiva,5
12,203,7,12,37,311,tienda_deportiva,5
11,311,2,3,12,57,tienda_deportiva,5
2,130,2,1,15,40,tienda_deportiva,5
9,36,2,2,8,49,tienda_deportiva,5
5,9,1,4,2,34,tienda_deportiva,5
4,30,2,1,7,43,tienda_deportiva,5
8,4,2,1,1,19,tienda_deportiva,5
6,29,2,1,7,50,tienda_deportiva,5
4,140,1,1,7,40,tienda_deportiva,5
10,8,4,2,5,78,tienda_deportiva,5
2,9,2,0,2,34,papeleria,3
15,32,4,5,6,306,tienda_deportiva,5
7,21,0,5,7,43,cafeteria,0
19,331,4,10,16,179,tienda_deportiva,5
8,15,0,4,5,56,cafeteria,0
3,3,1,2,2,30,tienda_deportiva,5
7,20,2,0,1,34,papeleria,3
9,8,3,2,0,26,farmacia,1
14,290,7,8,33,289,tienda_deportiva,5
6,12,2,5,4,51,tienda_deportiva,5
10,82,3,2,8,44,tienda_deportiva,5
3,329,3,2,29,178,tienda_deportiva,5
4,331,3,2,29,178,tienda_deportiva,5
9,411,1,2,24,223,tienda_deportiva,5
12,374,0,1,12,24,cafeteria,0
9,411,1,3,24,225,tienda_deportiva,5
4,2,0,2,0,21,farmacia,1
16,19,4,7,8,138,tienda_deportiva,5
14,35,3,5,11,132,tienda_deportiva,5
10,7,2,4,2,82,tienda_deportiva,5
2,5,1,3,2,42,tienda_deportiva,5
15,609,1,4,23,67,tienda_deportiva,5
8,10,0,3,5,29,cafeteria,0
5,1,0,4,0,50,farmacia,1
4,140,1,1,7,40,tienda_deportiva,5
4,30,2,1,7,43,tienda_deportiva,5
15,150,3,16,80,519,tienda_deportiva,5
4,16,5,0,10,73,papeleria,3
3,329,3,2,29,176,tienda_deportiva,5
4,11,0,2,4,44,cafeteria,0
12,366,0,1,12,21,cafeteria,0
9,47,8,2,9,88,tienda_deportiva,5
6,7,1,3,5,60,tienda_deportiva,5
16,572,2,5,23,78,tienda_deportiva,5
15,20,4,2,9,73,tienda_deportiva,5
32,440,10,42,93,742,tienda_deportiva,5
10,2,0,1,0,39,farmacia,1
4,4,1,5,0,26,farmacia,1
13,41,4,4,4,143,tienda_deportiva,5
9,409,1,2,24,222,tienda_deportiva,5
2,144,1,1,26,61,tienda_deportiva,5
28,410,9,29,71,661,tienda_deportiva,5
7,211,2,2,22,295,tienda_deportiva,5
8,201,2,0,17,78,papeleria,3
8,524,7,4,19,59,tienda_deportiva,5
19,53,0,6,28,609,cafeteria,0
8,246,6,5,29,249,tienda_deportiva,5
25,55,2,6,29,971,tienda_deportiva,5
8,10,4,1,7,64,tienda_deportiva,5
11,16,5,8,9,115,tienda_deportiva,5
2,3,0,2,1,17,cafeteria,0
23,40,1,3,4,48,tienda_deportiva,5
7,9,2,2,1,14,tienda_deportiva,5
14,234,6,14,49,599,tienda_deportiva,5
4,7,2,2,4,45,tienda_deportiva,5
20,80,9,4,13,142,tienda_deportiva,5
4,5,0,1,0,24,farmacia,1
6,3,0,4,1,27,cafeteria,0
5,5,1,4,3,63,tienda_deportiva,5
10,70,1,2,4,34,tienda_deportiva,5
8,232,2,0,16,53,papeleria,3
4,13,0,4,4,64,cafeteria,0
6,418,1,1,20,30,tienda_deportiva,5
0,1,0,0,0,29,farmacia,1
12,231,5,3,12,62,tienda_deportiva,5
2,289,3,6,19,87,tienda_deportiva,5
6,2,3,2,2,39,tienda_deportiva,5
2,144,1,1,26,61,tienda_deportiva,5
5,12,3,3,4,61,tienda_deportiva,5
19,357,5,10,19,137,tienda_deportiva,5
3,12,1,1,4,37,tienda_deportiva,5
7,20,3,5,6,68,tienda_deportiva,5
0,1,0,0,0,0,farmacia,1
19,53,0,6,28,609,cafeteria,0
8,8,1,7,0,61,farmacia,1
23,362,8,16,50,588,tienda_deportiva,5
2,2,0,1,0,40,farmacia,1
25,377,9,19,58,618,tienda_deportiva,5
27,101,8,2,9,89,tienda_deportiva,5
31,147,5,8,22,175,tienda_deportiva,5
9,9,1,3,0,61,farmacia,1
5,17,0,0,6,56,papeleria,3
29,356,11,50,114,937,tienda_deportiva,5
16,345,0,1,12,13,cafeteria,0
5,2,0,1,1,13,cafeteria,0
8,223,2,0,16,55,papeleria,3
9,15,0,5,2,60,cafeteria,0
4,140,1,1,7,40,tienda_deportiva,5
8,21,2,1,4,25,tienda_deportiva,5
10,19,6,4,9,240,tienda_deportiva,5
9,409,1,2,24,222,tienda_deportiva,5
10,102,3,3,12,107,tienda_deportiva,5
1,6,1,3,1,37,tienda_deportiva,5
5,9,1,4,2,34,tienda_deportiva,5
12,95,2,6,12,104,tienda_deportiva,5
12,119,5,11,15,306,tienda_deportiva,5
26,334,7,28,58,327,tienda_deportiva,5
3,10,1,0,0,9,papeleria,3
14,290,7,8,33,289,tienda_deportiva,5
22,69,7,5,21,276,tienda_deportiva,5
6,7,1,3,3,54,tienda_deportiva,5
1,8,3,1,4,23,tienda_deportiva,5
8,10,1,4,5,99,tienda_deportiva,5
5,332,3,3,30,200,tienda_deportiva,5
17,120,4,2,8,105,tienda_deportiva,5
14,8,3,1,1,50,tienda_deportiva,5
9,543,1,2,20,44,tienda_deportiva,5
14,191,2,4,24,78,tienda_deportiva,5
6,20,2,1,1,35,tienda_deportiva,5
16,43,7,3,4,28,tienda_deportiva,5
7,20,3,8,3,34,tienda_deportiva,5
34,410,9,55,135,962,tienda_deportiva,5
8,22,2,2,3,95,tienda_deportiva,5
5,334,3,3,30,195,tienda_deportiva,5
24,384,10,34,83,735,tienda_deportiva,5
0,23,2,1,6,48,tienda_deportiva,5
4,26,8,0,3,36,papeleria,3
7,18,2,0,6,36,papeleria,3
5,18,1,1,8,61,tienda_deportiva,5
4,11,1,1,7,42,tienda_deportiva,5
2,47,2,0,3,4,papeleria,3
13,107,2,3,12,103,tienda_deportiva,5
12,693,2,1,22,73,tienda_deportiva,5
3,4,2,1,0,21,farmacia,1
8,2,0,0,0,13,papeleria,3
9,33,3,1,3,51,tienda_deportiva,5
4,8,4,1,6,101,tienda_deportiva,5
15,31,1,2,4,52,tienda_deportiva,5
2,12,2,1,4,26,tienda_deportiva,5
6,246,3,5,29,239,tienda_deportiva,5
0,1,0,0,0,0,farmacia,1
13,250,3,8,13,174,tienda_deportiva,5
2,1,0,1,1,22,cafeteria,0
6,4,0,4,2,70,cafeteria,0
13,567,2,4,18,69,tienda_deportiva,5
1,6,0,1,1,35,cafeteria,0
11,59,3,2,13,102,tienda_deportiva,5
0,1,0,0,0,9,farmacia,1
13,41,4,4,4,143,tienda_deportiva,5
20,338,4,9,45,207,tienda_deportiva,5
4,10,2,1,6,52,tienda_deportiva,5
8,80,2,2,9,37,tienda_deportiva,5
29,356,11,50,114,937,tienda_deportiva,5
4,4,0,1,1,64,cafeteria,0
9,45,3,1,10,105,tienda_deportiva,5
3,324,3,2,29,174,tienda_deportiva,5
9,12,2,5,4,62,tienda_deportiva,5
6,6,0,4,2,35,cafeteria,0
9,147,0,1,5,29,cafeteria,0
1,1,0,0,0,9,papeleria,3
3,4,0,0,1,37,papeleria,3
11,105,2,3,12,105,tienda_deportiva,5
8,10,2,2,2,116,tienda_deportiva,5
25,395,9,24,62,616,tienda_deportiva,5
6,3,0,1,0,19,farmacia,1
17,614,2,8,26,91,tienda_deportiva,5
13,30,4,4,7,122,tienda_deportiva,5
6,8,2,0,2,44,papeleria,3
5,334,3,2,29,187,tienda_deportiva,5
16,16,3,1,6,57,tienda_deportiva,5
7,98,2,1,10,36,tienda_deportiva,5
11,303,0,1,10,12,cafeteria,0
4,34,8,0,4,34,papeleria,3
5,393,0,1,17,14,cafeteria,0
4,4,1,3,0,31,farmacia,1
11,16,3,2,11,110,tienda_deportiva,5
0,2,0,0,0,3,farmacia,1
14,9,0,0,6,41,papeleria,3
19,565,3,9,19,117,tienda_deportiva,5
4,10,1,8,4,86,tienda_deportiva,5
5,21,0,4,7,60,cafeteria,0
19,591,3,9,19,110,tienda_deportiva,5
13,22,4,1,6,50,tienda_deportiva,5
9,30,2,4,6,118,tienda_deportiva,5
9,200,7,7,31,278,tienda_deportiva,5
4,54,3,0,5,10,papeleria,3
5,3,2,2,1,34,tienda_deportiva,5
10,9,0,0,7,29,papeleria,3
8,14,1,5,1,59,tienda_deportiva,5
7,5,0,2,0,8,farmacia,1
26,96,8,9,28,384,tienda_deportiva,5
21,84,4,4,8,70,tienda_deportiva,5
4,32,4,1,4,48,tienda_deportiva,5
17,582,2,9,20,92,tienda_deportiva,5
12,13,6,1,1,71,tienda_deportiva,5
8,6,1,2,4,42,tienda_deportiva,5
9,118,3,4,11,152,tienda_deportiva,5
2,3,0,3,1,51,cafeteria,0
13,30,2,6,6,111,tienda_deportiva,5
8,191,7,8,31,234,tienda_deportiva,5
22,25,4,1,3,28,tienda_deportiva,5
7,3,1,0,1,31,papeleria,3
5,12,0,1,4,14,cafeteria,0
8,527,6,4,18,67,tienda_deportiva,5
6,8,4,0,4,80,papeleria,3
2,1,0,0,0,12,papeleria,3
11,311,2,3,12,57,tienda_deportiva,5
8,17,0,4,7,56,cafeteria,0
4,5,1,3,4,41,tienda_deportiva,5
4,1,0,0,0,14,papeleria,3
4,7,1,1,5,35,tienda_deportiva,5
11,27,2,8,10,132,tienda_deportiva,5
7,7,5,5,1,42,tienda_deportiva,5
5,326,3,3,30,198,tienda_deportiva,5
14,16,4,8,8,105,tienda_deportiva,5
13,567,2,4,18,69,tienda_deportiva,5
20,200,5,30,105,647,tienda_deportiva,5
9,4,0,0,0,14,papeleria,3
1,2,0,1,0,14,farmacia,1
4,44,3,1,4,52,tienda_deportiva,5
5,333,3,3,30,190,tienda_deportiva,5
16,67,8,0,6,59,papeleria,3
2,4,0,0,0,20,papeleria,3
1,1,0,0,0,32,papeleria,3
16,272,0,5,8,56,cafeteria,0
21,334,4,6,40,168,tienda_deportiva,5
2,18,1,6,3,72,tienda_deportiva,5
13,250,3,8,13,174,tienda_deportiva,5
5,275,2,4,27,211,tienda_deportiva,5
10,103,3,3,12,104,tienda_deportiva,5
32,384,9,45,107,835,tienda_deportiva,5
4,7,2,3,4,46,tienda_deportiva,5
1,6,1,1,1,19,tienda_deportiva,5
7,18,2,0,6,36,papeleria,3
10,7,2,1,2,39,tienda_deportiva,5
12,35,0,2,4,50,cafeteria,0
3,2,0,3,0,19,farmacia,1
2,4,1,3,2,25,tienda_deportiva,5
5,14,4,2,2,110,tienda_deportiva,5
30,157,10,3,10,130,tienda_deportiva,5
11,7,0,13,4,89,cafeteria,0
4,54,3,0,5,10,papeleria,3
2,3,0,2,2,60,cafeteria,0
19,591,3,9,19,110,tienda_deportiva,5
24,87,4,2,9,93,tienda_deportiva,5
14,293,6,7,34,284,tienda_deportiva,5
9,36,2,2,8,49,tienda_deportiva,5
7,6,0,3,2,38,cafeteria,0
6,77,2,8,58,132,tienda_deportiva,5
2,1,0,0,0,2,papeleria,3
5,334,3,3,29,191,tienda_deportiva,5
12,64,2,6,9,57,tienda_deportiva,5
21,84,4,4,8,70,tienda_deportiva,5
7,18,1,1,8,67,tienda_deportiva,5
27,145,7,2,11,128,tienda_deportiva,5
10,27,3,3,6,90,tienda_deportiva,5
13,29,4,3,12,116,tienda_deportiva,5
17,120,4,2,8,105,tienda_deportiva,5
13,60,2,2,11,98,tienda_deportiva,5
10,301,5,7,36,270,tienda_deportiva,5
16,195,0,1,10,6,cafeteria,0
18,174,4,33,96,608,tienda_deportiva,5
10,8,3,3,2,42,tienda_deportiva,5
7,14,5,2,2,56,tienda_deportiva,5
4,4,2,3,0,26,farmacia,1
5,4,0,2,0,23,farmacia,1
0,1,0,0,0,2,farmacia,1
4,6,1,3,7,64,tienda_deportiva,5
7,37,5,0,1,33,papeleria,3
12,429,4,4,15,70,tienda_deportiva,5
7,28,1,0,10,55,papeleria,3
13,250,3,8,13,174,tienda_deportiva,5
8,201,2,0,17,78,papeleria,3
3,4,0,0,1,26,papeleria,3
9,11,1,5,5,57,tienda_deportiva,5
28,56,2,2,2,45,tienda_deportiva,5
0,60,1,1,24,50,tienda_deportiva,5
20,353,5,16,52,565,tienda_deportiva,5
23,362,8,16,50,588,tienda_deportiva,5
13,285,7,8,31,276,tienda_deportiva,5
5,6,2,0,2,18,papeleria,3
18,44,3,5,5,87,tienda_deportiva,5
5,18,3,1,7,74,tienda_deportiva,5
5,335,3,3,29,193,tienda_deportiva,5
5,5,2,3,2,75,tienda_deportiva,5
1,11,0,2,3,54,cafeteria,0
8,21,2,5,7,55,tienda_deportiva,5
17,120,4,2,8,105,tienda_deportiva,5
11,16,5,8,9,115,tienda_deportiva,5
21,84,4,4,8,70,tienda_deportiva,5
34,390,9,42,85,783,tienda_deportiva,5
19,331,4,10,16,179,tienda_deportiva,5
14,25,3,3,7,85,tienda_deportiva,5
12,24,3,2,6,77,tienda_deportiva,5
21,84,4,4,8,70,tienda_deportiva,5
1,18,1,0,0,36,papeleria,3
4,8,1,1,6,26,tienda_deportiva,5
5,2,0,3,1,41,cafeteria,0
13,286,0,1,10,10,cafeteria,0
26,241,6,17,35,252,tienda_deportiva,5
5,182,6,8,24,195,tienda_deportiva,5
19,286,0,1,11,15,cafeteria,0
19,43,1,1,4,51,tienda_deportiva,5
4,18,3,3,5,100,tienda_deportiva,5
9,17,0,3,2,178,cafeteria,0
8,25,3,3,8,278,tienda_deportiva,5
7,11,5,1,2,60,tienda_deportiva,5
8,527,6,4,18,67,tienda_deportiva,5
15,164,0,1,11,8,cafeteria,0
5,7,1,2,2,46,tienda_deportiva,5
31,346,8,48,115,580,tienda_deportiva,5
17,77,5,11,23,416,tienda_deportiva,5
10,10,2,5,1,73,tienda_deportiva,5
4,10,0,1,7,42,cafeteria,0
7,29,0,2,3,44,cafeteria,0
0,15,2,3,4,48,tienda_deportiva,5
5,5,2,6,1,65,tienda_deportiva,5
5,3,1,4,1,60,tienda_deportiva,5
0,1,0,0,0,1,farmacia,1
14,13,2,0,2,40,papeleria,3
9,14,1,5,7,65,tienda_deportiva,5
11,99,2,3,12,103,tienda_deportiva,5
8,14,3,3,4,91,tienda_deportiva,5
10,117,3,9,11,222,tienda_deportiva,5
6,16,2,0,7,117,papeleria,3
3,5,2,3,4,66,tienda_deportiva,5
12,203,7,12,37,311,tienda_deportiva,5
8,18,7,2,7,75,tienda_deportiva,5
5,404,0,1,17,17,cafeteria,0
2,16,6,0,14,65,papeleria,3
10,19,6,4,5,135,tienda_deportiva,5
7,9,1,5,7,39,tienda_deportiva,5
4,7,0,7,4,145,cafeteria,0
6,19,1,1,8,61,tienda_deportiva,5
17,97,6,11,23,446,tienda_deportiva,5
6,5,3,5,1,63,tienda_deportiva,5
6,8,0,3,3,84,cafeteria,0
3,329,3,2,29,177,tienda_deportiva,5
0,67,1,1,24,46,tienda_deportiva,5
2,4,1,1,0,3,farmacia,1
0,1,0,0,0,1,farmacia,1
9,17,1,2,3,41,tienda_deportiva,5
17,120,4,2,8,105,tienda_deportiva,5
2,5,1,3,2,42,tienda_deportiva,5
12,23,3,1,9,132,tienda_deportiva,5
6,25,4,5,9,106,tienda_deportiva,5
5,17,0,0,6,56,papeleria,3
16,27,4,0,8,41,papeleria,3
16,23,2,5,6,60,tienda_deportiva,5
3,7,0,1,2,27,cafeteria,0
1,18,3,3,6,69,tienda_deportiva,5
0,1,0,0,0,1,farmacia,1
3,11,1,1,4,36,tienda_deportiva,5
3,15,5,0,10,82,papeleria,3
2,144,1,1,26,61,tienda_deportiva,5
0,8,2,0,1,19,tienda_deportiva,5
3,324,3,2,29,174,tienda_deportiva,5
8,22,1,0,3,30,papeleria,3
8,201,2,0,17,78,papeleria,3
4,8,1,1,3,35,tienda_deportiva,5
4,5,0,5,2,38,cafeteria,0
12,376,0,1,12,25,cafeteria,0
10,68,4,3,5,50,tienda_deportiva,5
18,39,1,4,20,225,tienda_deportiva,5
5,5,1,0,0,15,papeleria,3
8,223,2,0,16,55,papeleria,3
0,1,0,0,0,8,farmacia,1
1,8,2,2,4,63,tienda_deportiva,5
5,332,3,2,29,183,tienda_deportiva,5
2,10,1,2,2,64,tienda_deportiva,5
5,335,3,3,30,194,tienda_deportiva,5
11,351,1,2,9,28,tienda_deportiva,5
10,19,7,3,7,79,tienda_deportiva,5
5,334,3,3,29,188,tienda_deportiva,5
8,527,6,4,18,67,tienda_deportiva,5
13,20,7,3,3,76,tienda_deportiva,5
14,25,3,4,7,82,tienda_deportiva,5
5,4,1,0,2,16,papeleria,3
5,318,2,4,29,204,tienda_deportiva,5
33,93,4,5,9,91,tienda_deportiva,5
2,5,1,5,3,54,tienda_deportiva,5
7,11,0,1,2,60,cafeteria,0
27,402,9,32,73,667,tienda_deportiva,5
5,5,1,3,3,22,tienda_deportiva,5
30,184,5,7,19,175,tienda_deportiva,5
2,3,1,4,2,50,tienda_deportiva,5
9,10,0,3,7,62,cafeteria,0
0,1,0,0,0,8,farmacia,1
9,267,0,1,7,20,cafeteria,0
14,25,3,8,8,61,tienda_deportiva,5
3,10,1,2,11,111,tienda_deportiva,5
8,7,3,3,5,60,tienda_deportiva,5
1,2,0,2,0,27,farmacia,1
9,36,2,2,8,49,tienda_deportiva,5
9,17,1,2,3,41,tienda_deportiva,5
1,5,3,2,1,52,tienda_deportiva,5
5,379,1,3,23,226,tienda_deportiva,5
6,10,1,3,5,20,tienda_deportiva,5
5,23,2,1,3,84,tienda_deportiva,5
4,35,7,2,7,79,tienda_deportiva,5
13,31,5,5,7,122,tienda_deportiva,5
22,54,0,6,27,956,cafeteria,0
1,10,3,0,8,40,papeleria,3
34,410,9,55,135,962,tienda_deportiva,5
27,181,8,12,20,367,tienda_deportiva,5
20,68,5,4,12,184,tienda_deportiva,5
2,4,0,1,1,41,cafeteria,0
24,266,8,42,122,760,tienda_deportiva,5
2,5,1,1,1,47,tienda_deportiva,5
17,226,9,15,41,283,tienda_deportiva,5
14,26,2,2,5,60,tienda_deportiva,5
12,37,2,5,10,112,tienda_deportiva,5
5,332,3,3,30,199,tienda_deportiva,5
15,601,2,4,25,79,tienda_deportiva,5
4,10,0,1,5,44,cafeteria,0
8,11,1,1,5,35,tienda_deportiva,5
6,4,2,6,0,48,farmacia,1
6,17,0,5,2,58,cafeteria,0
9,13,3,5,5,76,tienda_deportiva,5
12,73,2,6,15,138,tienda_deportiva,5
6,8,2,3,1,19,tienda_deportiva,5
29,136,2,6,18,159,tienda_deportiva,5
6,7,0,3,4,47,cafeteria,0
12,48,5,3,10,155,tienda_deportiva,5
6,16,2,4,5,92,tienda_deportiva,5
6,8,1,6,2,85,tienda_deportiva,5
16,24,7,2,2,66,tienda_deportiva,5
3,10,1,2,1,57,tienda_deportiva,5
30,127,8,9,26,339,tienda_deportiva,5
8,107,3,3,11,110,tienda_deportiva,5
11,311,2,3,12,57,tienda_deportiva,5
2,17,1,1,5,99,tienda_deportiva,5
5,417,0,1,18,20,cafeteria,0
16,215,2,6,8,65,tienda_deportiva,5
11,20,2,4,7,92,tienda_deportiva,5
26,131,5,3,10,119,tienda_deportiva,5
18,103,4,5,8,108,tienda_deportiva,5
5,27,1,1,8,51,tienda_deportiva,5
4,9,0,1,6,42,cafeteria,0
1,11,1,5,3,69,tienda_deportiva,5
34,410,9,55,135,962,tienda_deportiva,5
3,19,2,2,2,39,tienda_deportiva,5
21,43,6,2,8,95,tienda_deportiva,5
10,328,0,1,12,14,cafeteria,0
23,216,5,6,32,265,tienda_deportiva,5
8,31,5,1,12,88,tienda_deportiva,5
5,12,3,3,4,61,tienda_deportiva,5
24,214,6,44,123,732,tienda_deportiva,5
14,24,1,1,5,51,tienda_deportiva,5
5,331,3,4,30,202,tienda_deportiva,5
29,136,2,6,18,162,tienda_deportiva,5
5,333,3,2,29,184,tienda_deportiva,5
17,29,0,1,3,22,cafeteria,0
19,177,4,33,104,613,tienda_deportiva,5
14,58,3,1,13,144,tienda_deportiva,5
7,10,8,0,5,42,papeleria,3
6,7,3,3,3,27,tienda_deportiva,5
12,21,2,3,4,78,tienda_deportiva,5
31,377,9,44,100,826,tienda_deportiva,5
11,32,4,8,11,151,tienda_deportiva,5
3,329,3,2,29,177,tienda_deportiva,5
6,5,2,2,1,27,tienda_deportiva,5
24,90,5,6,10,70,tienda_deportiva,5
1,18,3,3,6,69,tienda_deportiva,5
0,5,1,3,0,77,farmacia,1
12,20,2,6,5,73,tienda_deportiva,5
9,10,2,3,6,65,tienda_deportiva,5
7,9,4,4,5,98,tienda_deportiva,5
3,4,1,5,1,48,tienda_deportiva,5
1,0,2,3,0,23,tienda_deportiva,5
5,17,5,1,1,40,tienda_deportiva,5
0,13,2,0,3,46,tienda_deportiva,5
1,5,2,0,2,27,papeleria,3
9,16,1,1,1,25,tienda_deportiva,5
6,8,4,0,4,80,papeleria,3
8,4,2,1,0,26,farmacia,1
6,7,1,1,3,44,tienda_deportiva,5
4,52,3,0,3,11,papeleria,3
18,11,5,2,7,118,tienda_deportiva,5
3,17,4,3,3,106,tienda_deportiva,5
5,6,1,3,2,28,tienda_deportiva,5
10,139,4,7,16,165,tienda_deportiva,5
1,3,1,0,0,37,papeleria,3
7,7,3,2,1,22,tienda_deportiva,5
9,13,3,6,5,54,tienda_deportiva,5
1,3,2,0,3,17,papeleria,3
4,20,1,2,6,42,tienda_deportiva,5
29,69,7,3,14,182,tienda_deportiva,5
6,3,3,4,4,68,tienda_deportiva,5
11,9,4,4,2,43,tienda_deportiva,5
4,2,1,2,2,13,tienda_deportiva,5
17,26,4,1,4,38,tienda_deportiva,5
2,0,1,0,1,49,papeleria,3
5,7,1,3,0,47,farmacia,1
5,3,3,9,2,71,tienda_deportiva,5
2,23,1,0,1,28,papeleria,3
0,10,2,2,5,56,tienda_deportiva,5
0,2,1,1,0,24,farmacia,1
2,3,2,1,1,14,tienda_deportiva,5
0,0,1,1,0,15,tienda_deportiva,5
11,22,2,6,6,124,tienda_deportiva,5
43,17,4,4,7,47,tienda_deportiva,5
7,27,3,1,3,42,tienda_deportiva,5
4,7,3,3,3,30,tienda_deportiva,5
12,308,7,8,34,306,tienda_deportiva,5
3,14,2,1,4,70,tienda_deportiva,5
17,19,5,3,4,91,tienda_deportiva,5
9,23,4,7,4,108,tienda_deportiva,5
9,22,3,5,7,79,tienda_deportiva,5
1,1,1,0,0,3,papeleria,3
1,3,2,0,1,26,papeleria,3
9,18,5,6,7,94,tienda_deportiva,5
6,7,3,3,3,27,tienda_deportiva,5
9,18,5,6,7,94,tienda_deportiva,5
5,22,4,1,5,56,tienda_deportiva,5
10,1,2,1,1,13,tienda_deportiva,5
5,4,1,2,1,37,tienda_deportiva,5
10,275,3,2,20,249,tienda_deportiva,5
4,5,1,2,3,39,tienda_deportiva,5
10,16,4,3,3,129,tienda_deportiva,5
1,3,1,0,0,37,papeleria,3
3,4,2,4,5,45,tienda_deportiva,5
15,62,6,11,29,540,tienda_deportiva,5
9,56,8,3,5,47,tienda_deportiva,5
5,17,5,1,1,40,tienda_deportiva,5
10,16,4,8,9,104,tienda_deportiva,5
18,21,4,2,5,112,tienda_deportiva,5
11,229,8,0,8,44,papeleria,3
4,192,3,5,26,213,tienda_deportiva,5
19,69,5,2,14,103,tienda_deportiva,5
5,14,4,3,3,65,tienda_deportiva,5
1,1,2,3,2,30,tienda_deportiva,5
21,74,7,4,12,192,tienda_deportiva,5
1,5,2,0,1,17,papeleria,3
8,2,3,3,3,38,tienda_deportiva,5
5,6,2,6,4,94,tienda_deportiva,5
12,12,4,2,4,60,tienda_deportiva,5
3,8,1,1,0,50,farmacia,1
7,9,2,2,4,79,tienda_deportiva,5
8,26,6,8,3,77,tienda_deportiva,5
2,0,1,0,1,49,papeleria,3
2,15,2,3,4,49,tienda_deportiva,5
11,26,3,3,5,74,tienda_deportiva,5
7,201,1,1,9,25,tienda_deportiva,5
3,11,4,3,4,52,tienda_deportiva,5
14,10,3,0,2,41,papeleria,3
2,4,2,1,1,10,tienda_deportiva,5
8,2,1,1,2,49,tienda_deportiva,5
17,8,4,6,2,40,tienda_deportiva,5
3,2,2,1,1,12,tienda_deportiva,5
8,5,3,4,6,41,tienda_deportiva,5
5,6,1,3,2,28,tienda_deportiva,5
4,192,3,5,26,213,tienda_deportiva,5
4,5,1,5,2,63,tienda_deportiva,5
0,2,3,1,0,30,farmacia,1
0,0,2,1,0,3,tienda_deportiva,5
12,17,7,1,2,71,tienda_deportiva,5
7,29,3,1,3,28,tienda_deportiva,5
11,11,5,1,1,68,tienda_deportiva,5
8,24,3,4,7,80,tienda_deportiva,5
3,1,3,2,1,22,tienda_deportiva,5
2,4,1,0,1,21,papeleria,3
16,15,3,1,6,56,tienda_deportiva,5
13,10,3,5,8,58,tienda_deportiva,5
9,48,9,3,9,88,tienda_deportiva,5
10,7,4,1,6,84,tienda_deportiva,5
9,18,5,6,7,94,tienda_deportiva,5
5,9,3,1,4,93,tienda_deportiva,5
3,0,1,0,0,34,papeleria,3
3,1,17,0,0,14,papeleria,3
2,8,1,1,1,21,tienda_deportiva,5
9,10,2,3,6,65,tienda_deportiva,5
0,2,1,2,3,47,tienda_deportiva,5
4,15,1,4,3,34,tienda_deportiva,5
17,19,4,7,8,137,tienda_deportiva,5
2,26,2,0,5,41,papeleria,3
6,29,2,4,6,102,tienda_deportiva,5
18,32,4,0,6,38,papeleria,3
3,14,4,0,3,56,papeleria,3
3,2,2,0,0,10,papeleria,3
7,47,7,3,11,113,tienda_deportiva,5
3,13,4,2,4,42,tienda_deportiva,5
21,409,4,9,18,118,tienda_deportiva,5
5,2,2,1,0,5,farmacia,1
16,9,2,3,0,25,farmacia,1
9,11,4,6,7,55,tienda_deportiva,5
0,6,2,3,3,52,tienda_deportiva,5
7,13,5,1,7,161,tienda_deportiva,5
13,45,5,0,4,32,papeleria,3
5,8,2,3,8,82,tienda_deportiva,5
4,17,5,0,10,75,papeleria,3
0,0,1,1,0,18,tienda_deportiva,5
16,35,8,4,10,467,tienda_deportiva,5
33,83,4,4,9,106,tienda_deportiva,5
7,9,3,0,5,200,papeleria,3
9,115,3,3,11,135,tienda_deportiva,5
11,22,2,6,6,124,tienda_deportiva,5
8,11,3,2,4,89,tienda_deportiva,5
8,39,11,5,11,134,tienda_deportiva,5
4,20,1,2,6,42,tienda_deportiva,5
3,1,3,2,1,22,tienda_deportiva,5
10,9,5,1,4,90,tienda_deportiva,5
4,9,4,2,1,21,tienda_deportiva,5
11,11,6,3,4,41,tienda_deportiva,5
3,4,3,3,1,55,tienda_deportiva,5
9,13,2,1,4,35,tienda_deportiva,5
12,40,8,2,9,58,tienda_deportiva,5
10,7,2,4,4,36,tienda_deportiva,5
7,10,2,2,2,51,tienda_deportiva,5
3,1,17,0,0,14,papeleria,3
7,8,3,4,1,56,tienda_deportiva,5
4,1,2,3,1,51,tienda_deportiva,5
0,4,2,2,2,116,tienda_deportiva,5
3,2,1,1,0,33,farmacia,1
6,6,6,2,2,37,tienda_deportiva,5
5,12,2,3,3,61,tienda_deportiva,5
0,0,1,1,0,18,tienda_deportiva,5
3,5,3,0,2,19,papeleria,3
4,9,3,2,2,69,tienda_deportiva,5
9,18,4,3,6,81,tienda_deportiva,5
24,136,7,2,8,110,tienda_deportiva,5
20,39,5,5,7,318,tienda_deportiva,5
16,16,3,2,2,58,tienda_deportiva,5
4,9,4,1,4,87,tienda_deportiva,5
13,13,3,2,4,69,tienda_deportiva,5
3,14,2,2,5,77,tienda_deportiva,5
9,13,3,6,5,54,tienda_deportiva,5
4,6,2,1,1,28,tienda_deportiva,5
17,20,4,6,8,133,tienda_deportiva,5
2,1,3,1,1,27,tienda_deportiva,5
11,22,2,1,6,80,tienda_deportiva,5
8,3,4,1,0,28,farmacia,1
5,6,1,3,2,28,tienda_deportiva,5
0,1,1,0,0,3,farmacia,1
13,262,8,7,36,244,tienda_deportiva,5
5,332,3,3,29,189,tienda_deportiva,5
22,184,5,9,16,135,tienda_deportiva,5
8,10,4,7,2,22,tienda_deportiva,5
14,11,3,0,2,40,papeleria,3
14,10,3,0,2,41,papeleria,3
4,15,1,4,3,34,tienda_deportiva,5
1,7,1,0,3,20,papeleria,3
6,3,7,3,1,70,tienda_deportiva,5
5,13,3,4,4,62,tienda_deportiva,5
5,28,2,2,4,64,tienda_deportiva,5
3,14,2,2,5,77,tienda_deportiva,5
3,2,1,1,0,45,farmacia,1
12,5,1,0,3,38,papeleria,3
28,331,11,49,108,916,tienda_deportiva,5
1,4,2,1,1,89,tienda_deportiva,5
11,2,2,6,6,71,tienda_deportiva,5
7,21,6,2,3,72,tienda_deportiva,5
33,83,4,4,9,106,tienda_deportiva,5
4,6,1,0,2,33,papeleria,3
12,25,3,4,5,80,tienda_deportiva,5
29,235,6,11,17,169,tienda_deportiva,5
7,16,2,0,2,58,papeleria,3
11,25,1,0,3,57,papeleria,3
5,5,2,2,4,35,tienda_deportiva,5
3,1,17,0,0,14,papeleria,3
3,4,2,4,7,58,tienda_deportiva,5
2,16,1,6,3,77,tienda_deportiva,5
2,5,1,5,3,54,tienda_deportiva,5
3,3,1,3,4,37,tienda_deportiva,5
3,2,2,2,2,17,tienda_deportiva,5
3,7,3,2,3,135,tienda_deportiva,5
3,4,2,4,5,45,tienda_deportiva,5
9,13,3,6,5,54,tienda_deportiva,5
5,12,2,3,3,61,tienda_deportiva,5
7,47,7,3,11,113,tienda_deportiva,5
0,2,1,1,0,59,farmacia,1
0,0,1,0,0,5,tienda_deportiva,5
3,6,2,2,4,42,tienda_deportiva,5
8,11,3,0,2,33,papeleria,3
11,30,6,8,13,136,tienda_deportiva,5
12,187,7,11,36,340,tienda_deportiva,5
8,11,3,2,4,89,tienda_deportiva,5
3,4,3,2,0,24,farmacia,1
21,65,6,3,14,190,tienda_deportiva,5
7,6,1,3,1,32,tienda_deportiva,5
5,12,2,2,4,68,tienda_deportiva,5
3,23,4,0,5,56,papeleria,3
3,14,2,1,4,70,tienda_deportiva,5
3,2,1,0,1,14,papeleria,3
4,6,2,1,1,28,tienda_deportiva,5
14,11,3,2,8,138,tienda_deportiva,5
5,9,3,2,2,91,tienda_deportiva,5
8,57,8,3,5,51,tienda_deportiva,5
5,12,2,2,4,68,tienda_deportiva,5
3,5,3,0,2,19,papeleria,3
7,23,2,2,3,89,tienda_deportiva,5
13,10,3,5,8,58,tienda_deportiva,5
3,8,1,1,0,50,farmacia,1
4,14,4,0,13,258,papeleria,3
9,18,5,6,7,94,tienda_deportiva,5
8,4,2,1,0,26,farmacia,1
13,41,4,4,3,137,tienda_deportiva,5
3,10,2,0,4,44,papeleria,3
3,0,2,2,0,16,tienda_deportiva,5
6,12,4,6,8,95,tienda_deportiva,5
10,13,7,2,2,59,tienda_deportiva,5
5,12,2,3,3,61,tienda_deportiva,5
1,3,2,0,1,26,papeleria,3
4,2,1,1,1,37,tienda_deportiva,5
3,1,17,0,0,14,papeleria,3
11,27,9,3,8,85,tienda_deportiva,5
14,47,4,5,6,114,tienda_deportiva,5
9,18,5,6,7,94,tienda_deportiva,5
7,8,1,0,2,76,papeleria,3
3,13,3,1,5,88,tienda_deportiva,5
31,130,10,6,22,277,tienda_deportiva,5
0,3,2,0,3,18,tienda_deportiva,5
2,2,1,1,1,20,tienda_deportiva,5
10,19,7,4,7,77,tienda_deportiva,5
15,104,4,2,6,82,tienda_deportiva,5
0,2,1,2,3,47,tienda_deportiva,5
2,3,1,2,6,74,tienda_deportiva,5
6,41,3,3,3,81,tienda_deportiva,5
14,9,5,1,4,62,tienda_deportiva,5
1,4,2,1,1,89,tienda_deportiva,5
4,2,1,1,1,37,tienda_deportiva,5
15,62,6,11,29,540,tienda_deportiva,5
7,6,1,2,4,58,tienda_deportiva,5
8,3,4,1,0,28,farmacia,1
10,139,4,7,16,165,tienda_deportiva,5
25,132,7,3,11,135,tienda_deportiva,5
5,9,3,0,0,47,papeleria,3
6,10,1,1,0,24,farmacia,1
3,14,4,2,4,37,tienda_deportiva,5
4,10,6,2,3,92,tienda_deportiva,5
11,11,6,3,4,41,tienda_deportiva,5
6,5,1,3,2,55,tienda_deportiva,5
12,20,4,6,8,114,tienda_deportiva,5
12,56,6,9,19,395,tienda_deportiva,5
4,22,1,0,2,20,papeleria,3
26,20,5,1,3,47,tienda_deportiva,5
8,4,1,2,2,51,tienda_deportiva,5
2,5,1,5,3,54,tienda_deportiva,5
14,36,2,4,6,87,tienda_deportiva,5
12,63,8,0,6,54,papeleria,3
10,17,3,4,4,82,tienda_deportiva,5
4,2,1,2,2,13,tienda_deportiva,5
17,8,4,5,1,36,tienda_deportiva,5
12,56,6,9,19,395,tienda_deportiva,5
14,11,3,0,2,40,papeleria,3
2,14,3,2,5,62,tienda_deportiva,5
12,20,5,3,3,57,tienda_deportiva,5
17,8,4,6,2,40,tienda_deportiva,5
3,4,3,2,0,24,farmacia,1
12,56,6,9,19,395,tienda_deportiva,5
4,5,1,5,2,63,tienda_deportiva,5
1,2,1,0,2,19,papeleria,3
0,3,2,5,4,44,tienda_deportiva,5
0,0,2,1,0,3,tienda_deportiva,5
2,4,3,2,0,24,farmacia,1
7,9,2,4,6,54,tienda_deportiva,5
4,1,3,1,0,4,farmacia,1
4,2,1,1,1,37,tienda_deportiva,5
3,1,17,0,0,14,papeleria,3
0,2,1,4,0,37,farmacia,1
9,22,5,3,3,68,tienda_deportiva,5
9,24,7,4,6,120,tienda_deportiva,5
5,2,2,1,0,5,farmacia,1
8,3,4,1,0,28,farmacia,1
16,15,3,1,6,56,tienda_deportiva,5
3,14,4,2,4,37,tienda_deportiva,5
15,104,4,2,6,82,tienda_deportiva,5
4,0,1,3,2,37,tienda_deportiva,5
19,123,7,11,25,452,tienda_deportiva,5
5,15,3,4,2,34,tienda_deportiva,5
12,128,6,9,35,558,tienda_deportiva,5
10,31,3,1,1,37,tienda_deportiva,5
11,23,8,3,2,76,tienda_deportiva,5
2,77,1,1,25,58,tienda_deportiva,5
8,8,2,1,5,68,tienda_deportiva,5
3,2,1,1,0,45,farmacia,1
6,2,3,1,1,33,tienda_deportiva,5
1,3,2,2,0,21,farmacia,1
8,13,3,2,5,295,tienda_deportiva,5
2,1,2,0,2,24,papeleria,3
8,3,6,7,2,87,tienda_deportiva,5
10,10,5,1,3,37,tienda_deportiva,5
10,10,1,1,2,51,tienda_deportiva,5
3,7,3,2,5,65,tienda_deportiva,5
12,308,7,8,34,306,tienda_deportiva,5
0,1,1,0,0,25,farmacia,1
17,39,8,6,12,111,tienda_deportiva,5
7,20,3,1,7,50,tienda_deportiva,5
9,18,4,3,6,81,tienda_deportiva,5
11,17,7,2,3,63,tienda_deportiva,5
13,14,5,4,7,95,tienda_deportiva,5
10,7,5,2,0,42,farmacia,1
3,4,1,2,2,48,tienda_deportiva,5
10,17,2,0,4,37,papeleria,3
1,0,1,0,0,2,papeleria,3
9,23,2,2,5,101,tienda_deportiva,5
7,13,5,1,7,161,tienda_deportiva,5
7,21,6,2,3,67,tienda_deportiva,5
3,2,2,1,1,12,tienda_deportiva,5
0,2,1,4,0,37,farmacia,1
8,2,3,3,3,38,tienda_deportiva,5
5,12,2,0,1,18,papeleria,3
12,308,7,8,34,306,tienda_deportiva,5
4,8,3,3,2,30,tienda_deportiva,5
3,2,3,2,0,27,farmacia,1
3,1,17,0,0,14,papeleria,3
15,9,2,3,0,29,farmacia,1
10,33,4,6,7,98,tienda_deportiva,5
8,176,2,2,25,338,tienda_deportiva,5
8,11,1,0,1,29,papeleria,3
8,7,3,5,3,80,tienda_deportiva,5
13,41,4,4,3,137,tienda_deportiva,5
4,2,4,2,5,46,tienda_deportiva,5
3,13,4,2,4,42,tienda_deportiva,5
5,6,1,3,2,28,tienda_deportiva,5
14,35,5,3,14,119,tienda_deportiva,5
7,7,2,4,1,22,tienda_deportiva,5
18,15,4,0,13,68,papeleria,3
14,11,3,2,8,138,tienda_deportiva,5
10,13,7,2,2,59,tienda_deportiva,5
10,8,5,2,6,111,tienda_deportiva,5
8,5,2,2,4,75,tienda_deportiva,5
11,42,9,2,9,71,tienda_deportiva,5
3,8,4,2,2,60,tienda_deportiva,5
6,30,5,0,2,26,papeleria,3
11,7,1,1,3,64,tienda_deportiva,5
5,9,3,0,1,52,papeleria,3
7,13,5,1,7,161,tienda_deportiva,5
17,39,8,6,12,111,tienda_deportiva,5
8,2,3,3,3,38,tienda_deportiva,5
4,7,5,3,1,34,tienda_deportiva,5
11,16,5,8,9,115,tienda_deportiva,5
21,36,4,6,9,321,tienda_deportiva,5
12,28,5,5,12,123,tienda_deportiva,5
4,5,1,5,2,63,tienda_deportiva,5
16,38,3,0,6,37,papeleria,3
32,375,9,55,135,973,tienda_deportiva,5
0,2,2,1,0,22,farmacia,1
11,6,3,8,4,111,tienda_deportiva,5
10,34,10,4,7,68,tienda_deportiva,5
5,2,1,3,2,33,tienda_deportiva,5
12,187,7,11,36,340,tienda_deportiva,5
3,0,2,2,0,16,tienda_deportiva,5
4,11,3,3,3,35,tienda_deportiva,5
6,5,1,3,2,55,tienda_deportiva,5
11,22,2,1,6,80,tienda_deportiva,5
10,8,8,1,0,16,farmacia,1
2,8,1,1,1,21,tienda_deportiva,5
16,15,4,0,13,70,papeleria,3
1,3,1,0,0,37,papeleria,3
9,231,8,1,8,45,tienda_deportiva,5
13,68,5,3,11,48,tienda_deportiva,5
2,17,4,3,7,144,tienda_deportiva,5
32,375,10,55,136,973,tienda_deportiva,5
7,13,5,1,7,161,tienda_deportiva,5
11,218,8,0,8,47,papeleria,3
3,13,3,1,5,88,tienda_deportiva,5
15,35,3,5,11,139,tienda_deportiva,5
2,14,3,2,5,62,tienda_deportiva,5
15,22,6,3,5,73,tienda_deportiva,5
5,2,2,2,1,37,tienda_deportiva,5
5,6,1,2,0,44,farmacia,1
13,33,4,8,8,109,tienda_deportiva,5
2,3,1,1,0,4,farmacia,1
0,2,2,1,0,22,farmacia,1
9,4,4,0,2,19,papeleria,3
16,36,4,10,8,117,tienda_deportiva,5
12,63,8,0,6,54,papeleria,3
10,13,7,2,2,59,tienda_deportiva,5
11,22,2,1,6,80,tienda_deportiva,5
3,1,17,0,0,14,papeleria,3
12,20,2,6,5,73,tienda_deportiva,5
3,3,1,1,2,27,tienda_deportiva,5
2,6,4,1,2,81,tienda_deportiva,5
9,5,4,0,1,28,papeleria,3
3,13,4,2,4,42,tienda_deportiva,5
4,5,2,4,1,44,tienda_deportiva,5
11,11,5,1,1,68,tienda_deportiva,5
18,12,6,1,8,113,tienda_deportiva,5
3,2,2,0,0,10,papeleria,3
2,3,1,1,1,10,tienda_deportiva,5
3,5,2,3,4,69,tienda_deportiva,5
5,9,3,1,4,93,tienda_deportiva,5
5,3,3,9,2,71,tienda_deportiva,5
2,8,2,1,3,77,tienda_deportiva,5
2,3,3,1,0,26,farmacia,1
12,5,1,0,3,38,papeleria,3
5,7,1,3,0,47,farmacia,1
2,8,1,1,1,21,tienda_deportiva,5
2,1,2,0,0,14,papeleria,3
19,46,3,5,4,75,tienda_deportiva,5
2,6,4,1,2,81,tienda_deportiva,5
7,10,2,2,2,51,tienda_deportiva,5
4,9,3,2,2,69,tienda_deportiva,5
1,14,2,2,4,67,tienda_deportiva,5
8,8,2,1,5,68,tienda_deportiva,5
13,41,4,4,3,137,tienda_deportiva,5
4,9,4,1,4,87,tienda_deportiva,5
1,6,1,3,1,34,tienda_deportiva,5
2,23,1,0,1,28,papeleria,3
7,21,6,2,3,67,tienda_deportiva,5
3,15,4,3,2,106,tienda_deportiva,5
2,6,1,2,2,46,tienda_deportiva,5
11,41,9,2,9,64,tienda_deportiva,5
0,2,1,1,0,24,farmacia,1
11,24,2,4,4,87,tienda_deportiva,5
8,10,1,2,3,46,tienda_deportiva,5
15,23,3,1,6,49,tienda_deportiva,5
2,3,2,5,7,60,tienda_deportiva,5
29,149,8,2,10,128,tienda_deportiva,5
5,22,4,1,5,56,tienda_deportiva,5
3,3,1,0,0,29,papeleria,3
3,11,4,3,4,52,tienda_deportiva,5
14,47,4,5,6,114,tienda_deportiva,5
3,2,4,7,2,54,tienda_deportiva,5
11,27,3,2,6,89,tienda_deportiva,5
5,7,1,3,0,47,farmacia,1
4,14,4,0,13,258,papeleria,3
7,20,3,1,7,50,tienda_deportiva,5
5,8,2,4,3,44,tienda_deportiva,5
21,409,4,9,18,118,tienda_deportiva,5
8,3,6,7,2,87,tienda_deportiva,5
5,8,2,1,6,35,tienda_deportiva,5
10,34,10,4,7,68,tienda_deportiva,5
13,34,5,6,6,298,tienda_deportiva,5
2,8,1,1,1,21,tienda_deportiva,5
10,8,8,1,0,16,farmacia,1
2,2,1,3,0,19,farmacia,1
5,332,3,3,29,189,tienda_deportiva,5
17,26,4,1,4,38,tienda_deportiva,5
3,14,5,2,5,95,tienda_deportiva,5
12,155,8,8,24,288,tienda_deportiva,5
7,90,5,2,5,65,tienda_deportiva,5
3,11,3,2,2,54,tienda_deportiva,5
0,3,2,5,4,44,tienda_deportiva,5
9,4,8,2,0,15,farmacia,1
8,24,3,4,7,80,tienda_deportiva,5
3,1,3,2,2,23,tienda_deportiva,5
18,11,5,2,7,118,tienda_deportiva,5
3,14,2,0,3,66,papeleria,3
11,22,2,1,6,80,tienda_deportiva,5
29,235,6,11,17,169,tienda_deportiva,5
0,3,2,0,3,18,tienda_deportiva,5
5,2,1,3,2,33,tienda_deportiva,5
1,3,2,2,0,21,farmacia,1
10,17,2,0,4,37,papeleria,3
26,20,5,1,3,47,tienda_deportiva,5
0,0,1,0,0,11,tienda_deportiva,5
5,3,3,1,2,10,tienda_deportiva,5
7,11,6,5,9,57,tienda_deportiva,5
11,22,2,1,6,80,tienda_deportiva,5
9,23,4,7,4,108,tienda_deportiva,5
0,1,1,3,3,42,tienda_deportiva,5
13,14,7,1,2,60,tienda_deportiva,5
11,37,3,4,5,32,tienda_deportiva,5
2,3,2,1,1,14,tienda_deportiva,5
6,10,3,4,6,75,tienda_deportiva,5
4,3,2,1,0,31,farmacia,1
6,36,5,3,8,76,tienda_deportiva,5
5,3,3,9,2,71,tienda_deportiva,5
0,0,1,0,0,1,tienda_deportiva,5
4,11,1,1,4,64,tienda_deportiva,5
11,16,6,1,2,72,tienda_deportiva,5
4,21,6,3,5,51,tienda_deportiva,5
15,31,4,9,7,113,tienda_deportiva,5
8,10,7,4,9,59,tienda_deportiva,5
9,4,8,2,0,15,farmacia,1
0,0,2,1,0,3,tienda_deportiva,5
5,35,6,1,3,32,tienda_deportiva,5
4,11,1,1,4,64,tienda_deportiva,5
5,6,1,3,2,28,tienda_deportiva,5
4,3,2,0,1,18,papeleria,3
16,9,2,3,0,25,farmacia,1
11,11,4,1,7,68,tienda_deportiva,5
11,218,8,0,8,46,papeleria,3
14,10,3,0,2,41,papeleria,3
4,1,3,1,0,4,farmacia,1
12,37,3,7,9,159,tienda_deportiva,5
9,11,5,2,3,65,tienda_deportiva,5
7,2,1,4,2,41,tienda_deportiva,5
4,5,1,1,5,27,tienda_deportiva,5
6,6,6,2,2,37,tienda_deportiva,5
4,2,1,2,2,13,tienda_deportiva,5
10,8,4,2,5,78,tienda_deportiva,5
7,21,6,2,3,67,tienda_deportiva,5
13,33,4,8,8,109,tienda_deportiva,5
8,11,1,0,1,29,papeleria,3
11,2,2,6,6,71,tienda_deportiva,5
1,6,5,4,6,29,tienda_deportiva,5
14,35,3,6,11,150,tienda_deportiva,5
2,1,1,0,0,4,papeleria,3
4,10,6,2,3,92,tienda_deportiva,5
8,24,3,4,7,80,tienda_deportiva,5
3,14,2,1,4,70,tienda_deportiva,5
2,2,1,3,0,34,farmacia,1
10,13,6,2,0,35,farmacia,1
6,11,4,4,2,32,tienda_deportiva,5
6,6,3,6,1,84,tienda_deportiva,5
9,9,1,2,1,66,tienda_deportiva,5
11,25,3,1,2,417,tienda_deportiva,5
11,30,6,8,13,136,tienda_deportiva,5
4,6,2,1,1,34,tienda_deportiva,5
3,10,2,0,4,44,papeleria,3
4,9,4,2,3,88,tienda_deportiva,5
1,5,1,2,1,52,tienda_deportiva,5
8,11,3,0,2,33,papeleria,3
8,26,1,4,12,350,tienda_deportiva,5
8,3,1,3,2,21,tienda_deportiva,5
10,219,5,3,12,62,tienda_deportiva,5
3,11,4,3,4,52,tienda_deportiva,5
12,155,8,8,24,288,tienda_deportiva,5
16,17,4,8,9,118,tienda_deportiva,5
9,6,1,4,2,92,tienda_deportiva,5
9,45,3,1,10,105,tienda_deportiva,5
4,5,1,0,3,16,papeleria,3
3,15,4,3,2,106,tienda_deportiva,5
3,5,1,0,0,17,papeleria,3
6,9,3,1,6,61,tienda_deportiva,5
7,9,2,2,4,79,tienda_deportiva,5
11,31,3,2,6,70,tienda_deportiva,5
0,1,2,0,1,10,tienda_deportiva,5
7,17,5,1,6,47,tienda_deportiva,5
17,19,4,7,8,137,tienda_deportiva,5
9,36,2,5,11,469,tienda_deportiva,5
4,1,3,1,0,4,farmacia,1
1,10,3,1,4,23,tienda_deportiva,5
1,10,3,1,8,41,tienda_deportiva,5
8,6,3,5,2,56,tienda_deportiva,5
5,5,2,2,4,35,tienda_deportiva,5
1,3,2,0,1,26,papeleria,3
4,18,5,0,13,77,papeleria,3
11,27,9,3,8,85,tienda_deportiva,5
0,10,2,2,5,56,tienda_deportiva,5
5,35,6,1,3,32,tienda_deportiva,5
9,8,1,4,5,57,tienda_deportiva,5
13,7,4,2,3,44,tienda_deportiva,5
12,20,4,6,8,114,tienda_deportiva,5
3,14,2,1,4,70,tienda_deportiva,5
1,2,1,0,0,7,papeleria,3
1,1,1,0,0,3,papeleria,3
2,17,4,3,7,144,tienda_deportiva,5
6,3,3,4,5,73,tienda_deportiva,5
9,14,1,3,6,116,tienda_deportiva,5
14,11,3,0,2,40,papeleria,3
0,1,1,3,3,42,tienda_deportiva,5
10,16,5,4,6,75,tienda_deportiva,5
5,2,2,1,0,5,farmacia,1
21,36,4,6,9,321,tienda_deportiva,5
10,9,5,1,4,90,tienda_deportiva,5
7,23,2,2,3,89,tienda_deportiva,5
5,13,3,4,4,62,tienda_deportiva,5
1,18,3,3,6,69,tienda_deportiva,5
11,27,3,2,5,79,tienda_deportiva,5
4,8,4,1,6,101,tienda_deportiva,5
11,9,4,4,2,40,tienda_deportiva,5
3,1,1,1,1,16,tienda_deportiva,5
2,1,2,0,2,24,papeleria,3
9,49,9,3,9,89,tienda_deportiva,5
0,2,1,0,0,11,farmacia,1
6,11,4,4,2,32,tienda_deportiva,5
5,19,3,2,5,115,tienda_deportiva,5
8,7,3,5,3,80,tienda_deportiva,5
10,33,4,6,7,98,tienda_deportiva,5
2,2,0,3,0,22,farmacia,1
0,0,0,1,1,18,cafeteria,0
4,20,6,3,8,92,tienda_deportiva,5
6,34,2,6,14,367,tienda_deportiva,5
21,37,6,6,9,326,tienda_deportiva,5
0,1,1,1,2,25,tienda_deportiva,5
11,27,3,3,8,144,tienda_deportiva,5
5,6,1,0,2,40,papeleria,3
10,10,1,4,5,91,tienda_deportiva,5
8,39,4,3,6,86,tienda_deportiva,5
29,352,11,50,118,942,tienda_deportiva,5
5,3,5,1,0,42,farmacia,1
5,4,2,1,3,59,tienda_deportiva,5
3,0,0,1,1,16,cafeteria,0
2,1,0,3,0,46,farmacia,1
6,4,0,2,0,71,farmacia,1
5,2,0,1,0,22,farmacia,1
2,5,0,3,8,131,cafeteria,0
4,4,3,1,3,81,tienda_deportiva,5
25,274,10,54,141,1100,tienda_deportiva,5
28,364,9,35,71,719,tienda_deportiva,5
3,1,0,3,0,40,farmacia,1
7,2,2,0,1,36,papeleria,3
2,4,0,3,2,26,cafeteria,0
4,8,4,1,6,101,tienda_deportiva,5
6,26,2,1,9,47,tienda_deportiva,5
17,40,1,4,22,228,tienda_deportiva,5
21,37,6,6,9,326,tienda_deportiva,5
3,1,0,2,0,24,farmacia,1
12,7,6,1,7,96,tienda_deportiva,5
3,13,3,3,3,55,tienda_deportiva,5
3,3,0,4,1,25,cafeteria,0
1,3,2,1,1,25,tienda_deportiva,5
2,1,1,2,0,62,farmacia,1
10,5,0,8,4,73,cafeteria,0
9,12,6,2,5,84,tienda_deportiva,5
2,3,0,0,0,8,papeleria,3
14,5,2,3,2,37,tienda_deportiva,5
3,6,0,3,1,29,cafeteria,0
8,13,3,4,5,77,tienda_deportiva,5
2,7,1,4,4,56,tienda_deportiva,5
5,6,2,2,1,51,tienda_deportiva,5
15,17,5,8,9,106,tienda_deportiva,5
0,1,1,1,2,28,tienda_deportiva,5
6,10,1,3,5,20,tienda_deportiva,5
5,1,0,2,0,50,farmacia,1
9,37,2,5,10,122,tienda_deportiva,5
0,0,0,1,0,19,cafeteria,0
24,294,9,44,113,730,tienda_deportiva,5
9,3,1,6,5,65,tienda_deportiva,5
8,21,3,7,4,91,tienda_deportiva,5
6,2,0,0,1,14,papeleria,3
12,53,3,5,14,541,tienda_deportiva,5
29,352,11,50,118,942,tienda_deportiva,5
3,10,1,2,1,64,tienda_deportiva,5
5,20,4,2,9,241,tienda_deportiva,5
4,2,0,2,1,61,cafeteria,0
7,189,7,8,30,223,tienda_deportiva,5
6,1,0,3,0,40,farmacia,1
4,46,1,21,42,610,tienda_deportiva,5
20,236,9,20,48,340,tienda_deportiva,5
4,8,4,1,6,101,tienda_deportiva,5
4,10,3,3,3,99,tienda_deportiva,5
25,328,5,11,35,157,tienda_deportiva,5
1,3,2,1,1,67,tienda_deportiva,5
4,10,2,2,3,77,tienda_deportiva,5
6,5,1,6,4,55,tienda_deportiva,5
10,138,3,2,15,253,tienda_deportiva,5
4,3,1,3,1,41,tienda_deportiva,5
11,5,1,3,1,90,tienda_deportiva,5
7,13,5,3,5,82,tienda_deportiva,5
21,159,6,11,20,344,tienda_deportiva,5
7,19,1,4,13,87,tienda_deportiva,5
4,6,2,1,1,28,tienda_deportiva,5
3,2,0,2,0,14,farmacia,1
8,6,3,2,7,83,tienda_deportiva,5
9,27,5,2,9,85,tienda_deportiva,5
3,7,2,0,1,57,papeleria,3
4,2,1,1,5,44,tienda_deportiva,5
5,8,1,3,1,49,tienda_deportiva,5
3,12,2,3,3,63,tienda_deportiva,5
20,124,6,4,11,106,tienda_deportiva,5
14,36,3,5,11,145,tienda_deportiva,5
8,68,3,0,2,61,papeleria,3
4,6,2,1,0,55,farmacia,1
2,6,1,2,0,40,farmacia,1
2,3,2,0,2,19,papeleria,3
2,11,4,2,5,73,tienda_deportiva,5
3,2,0,1,1,32,cafeteria,0
7,41,4,4,7,95,tienda_deportiva,5
3,2,1,3,2,40,tienda_deportiva,5
4,1,1,0,0,33,papeleria,3
0,6,1,3,2,76,tienda_deportiva,5
2,5,3,1,2,42,tienda_deportiva,5
6,11,0,1,0,32,farmacia,1
4,5,1,2,1,51,tienda_deportiva,5
1,5,0,6,3,131,cafeteria,0
3,0,0,0,0,12,papeleria,3
5,5,0,3,1,48,cafeteria,0
3,3,0,0,0,20,papeleria,3
2,11,1,3,2,22,tienda_deportiva,5
3,8,3,2,3,67,tienda_deportiva,5
4,3,0,2,2,33,cafeteria,0
6,12,2,0,3,86,papeleria,3
23,55,1,6,28,969,tienda_deportiva,5
2,2,1,1,1,36,tienda_deportiva,5
0,2,0,1,0,37,farmacia,1
3,0,0,0,0,37,papeleria,3
8,32,6,6,5,155,tienda_deportiva,5
4,8,4,1,6,101,tienda_deportiva,5
5,0,0,1,0,22,cafeteria,0
6,5,3,4,4,94,tienda_deportiva,5
3,2,0,1,0,23,farmacia,1
5,10,5,2,3,84,tienda_deportiva,5
9,5,4,2,0,40,farmacia,1
4,7,0,2,4,63,cafeteria,0
2,1,1,0,0,12,papeleria,3
1,1,0,1,2,31,cafeteria,0
3,11,1,3,7,53,tienda_deportiva,5
10,28,3,0,2,116,papeleria,3
12,63,2,3,11,101,tienda_deportiva,5
5,3,0,6,2,52,cafeteria,0
1,1,0,1,0,35,farmacia,1
4,3,0,1,2,23,cafeteria,0
5,1,0,2,0,14,farmacia,1
5,0,0,5,0,64,cafeteria,0
5,3,3,1,1,36,tienda_deportiva,5
0,1,0,2,0,27,farmacia,1
2,14,4,3,2,98,tienda_deportiva,5
4,0,0,4,0,47,cafeteria,0
9,8,2,5,4,68,tienda_deportiva,5
13,22,2,3,2,420,tienda_deportiva,5
30,181,5,7,18,179,tienda_deportiva,5
4,12,2,1,3,39,tienda_deportiva,5
14,37,0,3,6,40,cafeteria,0
5,8,1,1,2,38,tienda_deportiva,5
7,30,1,4,3,431,tienda_deportiva,5
8,15,4,1,8,219,tienda_deportiva,5
9,170,1,6,25,146,tienda_deportiva,5
5,4,0,1,2,26,cafeteria,0
6,14,4,3,2,68,tienda_deportiva,5
7,13,4,2,8,172,tienda_deportiva,5
5,9,2,2,0,68,farmacia,1
7,1,2,7,2,69,tienda_deportiva,5
9,11,3,7,5,120,tienda_deportiva,5
3,0,0,3,3,46,cafeteria,0
14,51,2,5,15,538,tienda_deportiva,5
4,14,2,4,2,45,tienda_deportiva,5
9,172,1,6,28,137,tienda_deportiva,5
12,25,3,8,7,64,tienda_deportiva,5
2,1,0,0,1,20,papeleria,3
8,7,2,3,1,57,tienda_deportiva,5
3,14,1,6,3,90,tienda_deportiva,5
8,5,3,9,3,70,tienda_deportiva,5
8,19,1,2,4,60,tienda_deportiva,5
4,1,1,2,1,242,tienda_deportiva,5
0,0,0,0,0,2,otro,2
2,0,1,2,2,21,tienda_deportiva,5
12,27,5,7,11,176,tienda_deportiva,5
2,0,0,0,0,8,papeleria,3
3,4,1,2,2,51,tienda_deportiva,5
0,58,1,1,23,50,tienda_deportiva,5
3,5,1,3,4,51,tienda_deportiva,5
9,11,0,6,6,60,cafeteria,0
10,10,4,3,5,145,tienda_deportiva,5
0,0,0,0,0,5,cafeteria,0
0,0,0,2,0,122,cafeteria,0
2,0,0,0,0,4,papeleria,3
21,37,6,6,9,326,tienda_deportiva,5
0,1,0,1,0,13,farmacia,1
9,7,1,4,2,91,tienda_deportiva,5
2,10,1,1,3,35,tienda_deportiva,5
7,4,0,3,2,42,cafeteria,0
20,87,6,13,28,502,tienda_deportiva,5
2,1,0,1,1,11,cafeteria,0
6,1,1,5,0,47,farmacia,1
10,11,1,6,3,81,tienda_deportiva,5
4,9,0,1,2,45,cafeteria,0
0,0,1,0,1,14,tienda_deportiva,5
12,26,3,2,2,423,tienda_deportiva,5
9,10,2,4,5,63,tienda_deportiva,5
3,6,2,1,0,61,farmacia,1
5,5,1,1,4,45,tienda_deportiva,5
3,0,0,5,0,47,cafeteria,0
1,2,0,2,1,25,cafeteria,0
6,34,2,6,14,367,tienda_deportiva,5
2,3,0,2,0,24,farmacia,1
21,48,1,6,25,936,tienda_deportiva,5
3,7,2,3,4,92,tienda_deportiva,5
14,154,2,24,78,492,tienda_deportiva,5
0,3,1,1,6,47,tienda_deportiva,5
9,360,3,6,33,265,tienda_deportiva,5
6,3,0,2,2,39,cafeteria,0
0,5,0,0,0,33,farmacia,1
10,35,6,9,13,178,tienda_deportiva,5
0,4,0,2,0,31,farmacia,1
9,360,3,6,33,265,tienda_deportiva,5
3,5,0,2,0,42,farmacia,1
5,9,4,4,4,58,tienda_deportiva,5
20,43,10,8,11,346,tienda_deportiva,5
4,13,0,1,4,49,cafeteria,0
3,3,1,0,0,23,papeleria,3
5,2,0,1,1,45,cafeteria,0
10,13,0,3,4,75,cafeteria,0
1,6,1,1,0,39,farmacia,1
2,4,2,2,3,31,tienda_deportiva,5
0,1,0,0,2,31,cafeteria,0
6,26,3,2,7,245,tienda_deportiva,5
13,37,4,5,5,125,tienda_deportiva,5
9,2,0,2,0,75,farmacia,1
2,0,0,0,0,13,papeleria,3
4,4,0,3,4,49,cafeteria,0
14,153,2,23,80,503,tienda_deportiva,5
8,48,12,5,12,135,tienda_deportiva,5
14,153,2,23,80,503,tienda_deportiva,5
6,5,0,1,3,39,cafeteria,0
7,16,2,6,4,92,tienda_deportiva,5
1,4,1,1,4,43,tienda_deportiva,5
7,29,1,2,3,41,tienda_deportiva,5
22,283,9,53,137,1141,tienda_deportiva,5
0,0,1,0,4,96,tienda_deportiva,5
8,10,1,1,2,23,tienda_deportiva,5
0,0,0,0,0,2,otro,2
5,6,0,2,1,145,cafeteria,0
23,21,5,2,4,49,tienda_deportiva,5
20,216,7,48,125,1037,tienda_deportiva,5
4,5,3,4,7,60,tienda_deportiva,5
19,53,5,8,19,878,tienda_deportiva,5
1,13,2,2,3,61,tienda_deportiva,5
4,1,1,2,1,242,tienda_deportiva,5
13,15,4,3,5,141,tienda_deportiva,5
2,1,0,0,0,21,papeleria,3
3,2,0,3,2,39,cafeteria,0
3,0,0,0,0,32,papeleria,3
0,2,0,3,1,34,cafeteria,0
11,0,0,1,6,46,cafeteria,0
3,0,1,3,0,36,tienda_deportiva,5
6,3,1,6,0,38,farmacia,1
9,16,1,2,1,32,tienda_deportiva,5
24,72,7,2,9,123,tienda_deportiva,5
0,1,0,0,1,14,cafeteria,0
5,4,2,3,1,71,tienda_deportiva,5
7,11,2,1,3,46,tienda_deportiva,5
0,0,0,0,0,5,cafeteria,0
7,21,6,2,3,67,tienda_deportiva,5
3,1,0,4,0,42,farmacia,1
0,1,0,0,0,26,farmacia,1
2,1,1,1,0,23,farmacia,1
5,3,1,4,1,73,tienda_deportiva,5
0,9,0,1,2,21,cafeteria,0
4,4,0,1,0,27,farmacia,1
1,2,0,3,0,55,farmacia,1
4,4,0,8,2,95,cafeteria,0
14,23,2,3,3,425,tienda_deportiva,5
16,64,0,5,26,632,cafeteria,0
1,2,0,0,0,302,papeleria,3
13,34,2,6,6,103,tienda_deportiva,5
11,21,3,3,5,55,tienda_deportiva,5
4,1,1,2,1,242,tienda_deportiva,5
2,3,0,0,1,34,papeleria,3
5,17,1,5,7,88,tienda_deportiva,5
3,10,1,5,3,81,tienda_deportiva,5
20,215,7,47,125,1031,tienda_deportiva,5
7,18,3,3,7,271,tienda_deportiva,5
2,3,0,1,0,16,farmacia,1
0,1,0,0,0,7,farmacia,1
17,25,2,4,6,66,tienda_deportiva,5
0,3,0,1,2,46,cafeteria,0
6,3,0,4,0,58,farmacia,1
3,20,1,4,12,95,tienda_deportiva,5
13,52,2,5,15,540,tienda_deportiva,5
15,210,2,6,8,65,tienda_deportiva,5
2,9,0,1,0,26,farmacia,1
1,3,0,2,2,43,cafeteria,0
2,1,0,0,0,14,papeleria,3
2,3,0,1,0,50,farmacia,1
18,257,8,34,76,757,tienda_deportiva,5
12,72,3,6,15,161,tienda_deportiva,5
4,13,0,2,2,61,cafeteria,0
3,15,0,2,3,64,cafeteria,0
0,0,0,0,0,10,cafeteria,0
6,7,0,8,1,83,cafeteria,0
3,1,1,1,0,24,farmacia,1
16,25,4,7,9,135,tienda_deportiva,5
34,398,10,53,131,944,tienda_deportiva,5
4,8,3,3,2,66,tienda_deportiva,5
19,53,5,8,19,878,tienda_deportiva,5
10,18,2,8,9,122,tienda_deportiva,5
11,20,4,5,7,109,tienda_deportiva,5
9,8,2,0,2,81,papeleria,3
1,1,2,0,0,36,papeleria,3
4,9,2,4,5,72,tienda_deportiva,5
0,0,0,0,0,1,otro,2
17,40,1,4,22,228,tienda_deportiva,5
33,398,9,55,136,969,tienda_deportiva,5
4,1,0,4,1,38,cafeteria,0
1,1,1,0,0,27,papeleria,3
4,22,4,0,14,64,papeleria,3
0,0,0,0,0,1,otro,2
13,21,2,7,3,106,tienda_deportiva,5
5,5,0,2,3,26,cafeteria,0
3,17,2,0,7,35,papeleria,3
10,195,8,9,28,255,tienda_deportiva,5
24,54,1,6,28,966,tienda_deportiva,5
4,4,1,2,1,50,tienda_deportiva,5
30,242,6,11,16,166,tienda_deportiva,5
0,2,0,2,0,35,farmacia,1
8,15,0,4,5,52,cafeteria,0
14,11,7,7,2,77,tienda_deportiva,5
2,1,0,3,0,47,farmacia,1
7,22,2,2,14,86,tienda_deportiva,5
2,5,0,3,1,36,cafeteria,0
19,53,5,8,19,878,tienda_deportiva,5
4,9,4,1,2,98,tienda_deportiva,5
1,2,0,0,0,302,papeleria,3
24,267,8,42,122,760,tienda_deportiva,5
2,1,1,1,0,11,farmacia,1
3,4,2,2,2,63,tienda_deportiva,5
11,24,1,7,5,136,tienda_deportiva,5
12,22,2,3,2,424,tienda_deportiva,5
1,3,0,1,1,21,cafeteria,0
6,6,0,7,2,69,cafeteria,0
7,11,1,3,4,78,tienda_deportiva,5
4,4,1,3,1,40,tienda_deportiva,5
15,16,0,7,2,82,cafeteria,0
15,16,2,1,3,33,tienda_deportiva,5
12,20,8,3,7,59,tienda_deportiva,5
6,5,1,4,4,49,tienda_deportiva,5
23,55,1,6,28,969,tienda_deportiva,5
6,0,0,8,0,60,cafeteria,0
7,4,0,2,1,30,cafeteria,0
6,2,0,2,1,32,cafeteria,0
8,4,0,3,1,48,cafeteria,0
21,37,6,6,9,326,tienda_deportiva,5
21,37,6,6,9,326,tienda_deportiva,5
3,4,2,1,1,11,tienda_deportiva,5
5,3,2,1,3,40,tienda_deportiva,5
12,33,5,6,7,98,tienda_deportiva,5
1,2,0,1,1,16,cafeteria,0
10,138,3,2,15,253,tienda_deportiva,5
13,215,2,3,25,71,tienda_deportiva,5
2,4,3,2,0,24,farmacia,1
4,3,0,2,1,43,cafeteria,0
15,22,3,0,6,40,papeleria,3
1,3,0,0,3,133,papeleria,3
2,7,1,4,4,58,tienda_deportiva,5
1,0,0,2,0,14,cafeteria,0
19,40,8,6,10,339,tienda_deportiva,5
3,3,0,2,0,25,farmacia,1
4,4,0,1,2,34,cafeteria,0
8,124,1,1,6,24,tienda_deportiva,5
23,55,1,6,28,969,tienda_deportiva,5
3,0,0,0,0,9,papeleria,3
3,22,2,0,3,25,papeleria,3
0,4,0,3,0,40,farmacia,1
8,5,0,4,2,50,cafeteria,0
9,47,1,2,7,55,tienda_deportiva,5
21,37,6,6,9,326,tienda_deportiva,5
4,14,3,1,6,91,tienda_deportiva,5
5,13,4,4,2,33,tienda_deportiva,5
15,42,4,4,27,345,tienda_deportiva,5
5,6,0,2,1,145,cafeteria,0
8,24,2,1,2,405,tienda_deportiva,5
7,35,6,3,10,106,tienda_deportiva,5
8,7,2,7,4,100,tienda_deportiva,5
2,1,1,0,0,46,papeleria,3
10,7,2,1,2,38,tienda_deportiva,5
9,2,0,2,0,74,farmacia,1
0,2,0,4,2,71,cafeteria,0
5,14,4,3,3,64,tienda_deportiva,5
5,7,0,4,3,42,cafeteria,0
2,3,2,0,0,32,papeleria,3
26,55,2,7,29,972,tienda_deportiva,5
7,21,1,4,4,91,tienda_deportiva,5
27,10,0,3,6,42,cafeteria,0
9,36,2,5,11,469,tienda_deportiva,5
6,4,1,1,2,56,tienda_deportiva,5
4,12,3,2,4,73,tienda_deportiva,5
13,25,3,4,6,80,tienda_deportiva,5
13,8,0,7,4,75,cafeteria,0
5,3,0,3,0,37,farmacia,1
9,17,0,4,3,40,cafeteria,0
4,2,1,2,2,40,tienda_deportiva,5
4,1,0,0,0,20,papeleria,3
8,78,3,8,54,205,tienda_deportiva,5
8,10,2,4,5,95,tienda_deportiva,5
5,6,0,2,1,145,cafeteria,0
4,6,2,2,4,39,tienda_deportiva,5
2,2,0,0,0,21,papeleria,3
2,3,0,1,1,41,cafeteria,0
2,10,1,1,2,36,tienda_deportiva,5
3,6,0,1,5,46,cafeteria,0
9,36,2,5,11,469,tienda_deportiva,5
1,0,0,1,0,20,cafeteria,0
9,0,0,1,0,24,cafeteria,0
7,13,2,4,3,75,tienda_deportiva,5
1,0,0,3,1,30,cafeteria,0
24,269,9,47,127,769,tienda_deportiva,5
0,2,1,0,0,45,farmacia,1
12,32,1,4,3,428,tienda_deportiva,5
1,3,0,0,3,133,papeleria,3
7,19,2,5,3,87,tienda_deportiva,5
19,53,0,6,28,609,cafeteria,0
1,2,0,1,1,51,cafeteria,0
14,153,2,23,80,503,tienda_deportiva,5
12,15,3,6,6,77,tienda_deportiva,5
2,15,2,4,3,42,tienda_deportiva,5
0,2,0,0,0,28,farmacia,1
24,73,6,5,21,271,tienda_deportiva,5
1,5,1,2,1,52,tienda_deportiva,5
0,5,2,2,1,45,tienda_deportiva,5
8,7,3,4,2,96,tienda_deportiva,5
5,2,0,3,1,78,cafeteria,0
4,0,0,3,0,131,cafeteria,0
1,13,1,1,2,59,tienda_deportiva,5
0,1,0,0,0,7,farmacia,1
5,1,0,2,1,30,cafeteria,0
3,15,5,2,7,122,tienda_deportiva,5
9,36,2,5,11,469,tienda_deportiva,5
0,0,0,0,0,12,cafeteria,0
8,2,0,4,1,81,cafeteria,0
4,3,0,2,0,46,farmacia,1
7,0,1,2,0,29,tienda_deportiva,5
1,3,1,3,1,40,tienda_deportiva,5
9,6,5,4,4,66,tienda_deportiva,5
9,11,2,1,1,75,tienda_deportiva,5
6,14,1,1,4,42,tienda_deportiva,5
11,11,2,9,6,108,tienda_deportiva,5
1,2,0,2,0,36,farmacia,1
2,4,2,4,3,88,tienda_deportiva,5
6,2,1,0,2,35,papeleria,3
1,2,1,0,1,26,papeleria,3
0,0,1,0,4,96,tienda_deportiva,5
2,4,1,2,1,44,tienda_deportiva,5
6,52,1,2,26,210,tienda_deportiva,5
7,10,0,2,2,49,cafeteria,0
5,3,2,1,4,36,tienda_deportiva,5
4,3,0,2,0,28,farmacia,1
6,34,2,6,14,367,tienda_deportiva,5
8,50,7,5,11,114,tienda_deportiva,5
0,0,0,0,0,18,cafeteria,0
8,15,4,1,8,219,tienda_deportiva,5
0,3,0,2,0,31,farmacia,1
13,18,1,5,5,123,tienda_deportiva,5
29,131,1,6,21,160,tienda_deportiva,5
1,0,0,0,1,15,papeleria,3
5,2,0,5,2,55,cafeteria,0
5,5,0,2,0,42,farmacia,1
11,9,6,7,7,86,tienda_deportiva,5
5,4,1,2,3,39,tienda_deportiva,5
6,16,3,2,2,163,tienda_deportiva,5
10,28,3,4,5,107,tienda_deportiva,5
7,1,2,6,2,57,tienda_deportiva,5
5,4,0,2,0,36,farmacia,1
5,333,3,2,29,186,tienda_deportiva,5
2,3,0,3,1,66,cafeteria,0
0,1,0,3,0,56,farmacia,1
4,4,0,2,2,52,cafeteria,0
11,24,2,7,5,130,tienda_deportiva,5
0,3,0,0,0,45,farmacia,1
10,17,6,2,5,80,tienda_deportiva,5
5,1,0,1,0,17,farmacia,1
3,3,0,3,0,28,farmacia,1
0,1,0,0,3,21,cafeteria,0
10,63,2,2,4,40,tienda_deportiva,5
5,334,3,3,29,187,tienda_deportiva,5
3,7,1,0,0,54,papeleria,3
10,138,3,2,15,253,tienda_deportiva,5
0,2,2,3,0,28,farmacia,1
7,1,0,2,1,27,cafeteria,0
5,7,0,5,4,52,cafeteria,0
6,4,0,2,2,35,cafeteria,0
0,0,0,0,0,3,otro,2
7,6,1,2,4,60,tienda_deportiva,5
4,12,2,1,0,47,farmacia,1
27,116,10,10,28,416,tienda_deportiva,5
16,248,2,5,30,82,tienda_deportiva,5
24,53,1,6,28,971,tienda_deportiva,5
10,13,6,8,7,126,tienda_deportiva,5
7,4,0,2,1,30,cafeteria,0
21,48,1,6,25,936,tienda_deportiva,5
13,34,2,3,5,72,tienda_deportiva,5
16,9,5,7,3,66,tienda_deportiva,5
3,6,1,8,1,76,tienda_deportiva,5
6,12,4,3,8,70,tienda_deportiva,5
9,32,4,1,3,419,tienda_deportiva,5
4,3,0,2,3,22,cafeteria,0
6,5,1,4,3,54,tienda_deportiva,5
5,19,3,1,1,27,tienda_deportiva,5
6,5,1,2,1,41,tienda_deportiva,5
0,3,1,2,3,13,tienda_deportiva,5
3,0,0,4,0,64,cafeteria,0
3,29,4,1,2,59,tienda_deportiva,5
6,4,1,3,3,253,tienda_deportiva,5
11,10,6,7,7,87,tienda_deportiva,5
3,3,0,0,1,42,papeleria,3
2,1,1,0,0,52,papeleria,3
5,10,6,1,4,32,tienda_deportiva,5
8,10,1,3,5,68,tienda_deportiva,5
6,2,0,2,2,35,cafeteria,0
11,19,3,5,5,136,tienda_deportiva,5
10,47,2,5,15,299,tienda_deportiva,5
5,3,4,10,2,74,tienda_deportiva,5
9,10,3,3,4,60,tienda_deportiva,5
4,4,2,3,4,55,tienda_deportiva,5
10,138,3,2,15,253,tienda_deportiva,5
4,16,2,5,2,83,tienda_deportiva,5
32,100,2,6,14,163,tienda_deportiva,5
4,5,1,5,0,30,farmacia,1
4,6,0,3,2,48,cafeteria,0
23,54,1,6,28,978,tienda_deportiva,5
1,4,0,0,2,45,papeleria,3
11,8,0,5,4,87,cafeteria,0
23,55,1,6,28,969,tienda_deportiva,5
0,60,1,1,23,50,tienda_deportiva,5
9,6,0,7,3,51,cafeteria,0
2,2,0,1,0,18,farmacia,1
0,0,0,1,2,20,cafeteria,0
6,11,3,6,2,60,tienda_deportiva,5
4,6,0,6,2,40,cafeteria,0
3,35,1,2,29,230,tienda_deportiva,5
8,41,4,4,7,93,tienda_deportiva,5
11,10,3,2,3,47,tienda_deportiva,5
12,29,5,5,11,106,tienda_deportiva,5
5,2,0,0,1,37,papeleria,3
4,4,2,2,4,39,tienda_deportiva,5
4,1,1,2,1,242,tienda_deportiva,5
12,29,3,1,9,67,tienda_deportiva,5
2,2,2,3,5,53,tienda_deportiva,5
3,20,4,3,4,104,tienda_deportiva,5
8,11,2,1,1,74,tienda_deportiva,5
1,1,0,2,0,25,farmacia,1
4,9,0,1,3,51,cafeteria,0
2,2,1,2,1,50,tienda_deportiva,5
17,26,3,2,5,85,tienda_deportiva,5
5,10,5,0,3,44,papeleria,3
4,14,0,4,6,51,cafeteria,0
19,584,3,9,19,102,tienda_deportiva,5
14,23,2,3,3,425,tienda_deportiva,5
4,5,1,1,1,44,tienda_deportiva,5
4,2,4,2,5,40,tienda_deportiva,5
14,51,5,5,13,158,tienda_deportiva,5
19,196,6,15,54,397,tienda_deportiva,5
4,5,0,2,0,24,farmacia,1
7,8,0,7,1,77,cafeteria,0
2,1,0,2,0,22,farmacia,1
25,277,9,49,127,781,tienda_deportiva,5
0,0,0,0,0,1,otro,2
5,2,0,1,1,48,cafeteria,0
1,1,3,2,1,35,tienda_deportiva,5
5,21,3,1,6,66,tienda_deportiva,5
2,144,1,1,26,60,tienda_deportiva,5
4,16,4,2,2,77,tienda_deportiva,5
15,34,4,10,7,121,tienda_deportiva,5
0,0,0,0,0,20,cafeteria,0
5,2,0,0,1,32,papeleria,3
9,12,3,7,4,93,tienda_deportiva,5
2,16,1,1,5,102,tienda_deportiva,5
4,31,5,0,3,22,papeleria,3
5,8,3,2,7,74,tienda_deportiva,5
11,30,4,5,7,122,tienda_deportiva,5
8,12,1,4,2,49,tienda_deportiva,5
0,0,0,0,0,20,cafeteria,0
19,342,8,22,73,724,tienda_deportiva,5
0,2,0,1,0,17,farmacia,1
9,15,4,8,8,102,tienda_deportiva,5
13,16,1,6,6,123,tienda_deportiva,5
5,9,1,2,6,87,tienda_deportiva,5
2,3,1,1,1,39,tienda_deportiva,5
7,10,0,2,2,49,cafeteria,0
2,13,0,1,18,176,cafeteria,0
3,0,0,1,1,24,cafeteria,0
5,6,1,3,2,81,tienda_deportiva,5
16,42,5,6,13,839,tienda_deportiva,5
6,4,0,2,1,20,cafeteria,0
3,41,2,8,51,61,tienda_deportiva,5
3,10,1,6,2,43,tienda_deportiva,5
5,2,0,2,1,41,cafeteria,0
4,10,6,2,3,92,tienda_deportiva,5
3,2,0,2,0,39,farmacia,1
29,352,11,50,118,942,tienda_deportiva,5
14,213,8,6,22,196,tienda_deportiva,5
0,4,0,3,1,37,cafeteria,0
0,2,1,0,0,20,farmacia,1
0,0,0,1,0,16,cafeteria,0
0,0,0,0,0,17,cafeteria,0
8,2,0,5,3,44,cafeteria,0
6,13,2,1,2,86,tienda_deportiva,5
14,13,0,0,1,36,papeleria,3
5,7,4,5,5,122,tienda_deportiva,5
29,352,11,50,118,942,tienda_deportiva,5
6,17,5,0,13,281,papeleria,3
2,3,0,1,0,50,farmacia,1
7,9,2,4,7,49,tienda_deportiva,5
2,17,3,2,5,74,tienda_deportiva,5
9,14,5,0,4,78,papeleria,3
6,10,1,5,4,77,tienda_deportiva,5
8,8,1,3,1,34,tienda_deportiva,5
0,0,0,0,0,3,otro,2
1,0,0,1,0,37,cafeteria,0
